"","baseMean","log2FoldChange","lfcSE","stat","pvalue","padj"
"ENSG00000180448",1099.65036703272,4.86701703596836,0.248954855018474,19.5497976354275,4.14160441726354e-85,1.75260274125341e-80
"ENSG00000104903",462.477012169826,5.97831206995694,0.316785377834003,18.871805608053,1.94536592547286e-79,4.11610249341174e-75
"ENSG00000071051",2244.86035501816,4.44497101876688,0.249744468375732,17.7980759601033,7.31387796880896e-71,1.03167124668696e-66
"ENSG00000011304",256.946323886943,3.5604209408832,0.212344288702882,16.7672083983621,4.23964612043857e-63,4.48522762196497e-59
"ENSG00000078369",1012.51020669354,2.90039099543894,0.190795022102246,15.2016072719373,3.45049948728304e-52,2.92029573606713e-48
"ENSG00000156381",453.835378588156,5.64893914650554,0.371893901570292,15.1896525397522,4.14108874847629e-52,2.92064087615452e-48
"ENSG00000184007",3541.75816285283,2.50387747180339,0.165767957560453,15.1047132911091,1.50760716889764e-51,9.11391608089162e-48
"ENSG00000117691",444.469334544576,5.05934021900565,0.335684484764327,15.0717130181267,2.48583157462927e-51,1.31491168429484e-47
"ENSG00000261455",186.295141879773,4.4281266429377,0.300450713921826,14.738279650385,3.65989565211218e-49,1.7208422701159e-45
"ENSG00000179632",421.623819021555,4.10723372714213,0.291780536596288,14.0764486043323,5.30074543403111e-45,2.24311644531894e-41
"ENSG00000182287",2147.05392286119,3.06767156359256,0.223591497054676,13.7199831120698,7.70833571830353e-43,2.96539675083137e-39
"ENSG00000070182",223.867514410421,3.81094448904667,0.281461501938031,13.5398427948619,9.09834178397274e-42,3.20845441060312e-38
"ENSG00000185340",1338.86861864355,5.20705147667971,0.385784252344362,13.4973147427276,1.62180265692584e-41,5.27921715639468e-38
"ENSG00000108840",296.164334867908,3.5097749237231,0.260266659654255,13.4853036051009,1.9087813769993e-41,5.61274538680305e-38
"ENSG00000131188",198.769256943339,7.01259174685252,0.520135230283501,13.48224718989,1.98953566656535e-41,5.61274538680305e-38
"ENSG00000166501",2967.00065433619,2.57615382316337,0.191250834749832,13.4700265571815,2.34781547269883e-41,6.20953170988728e-38
"ENSG00000205309",781.583443087951,3.71616493276737,0.277856350770297,13.3744106350821,8.53273442557166e-41,2.12399836874656e-37
"ENSG00000132819",634.416688833974,4.45520242663902,0.335291415168752,13.2875529318182,2.73373115006036e-40,6.42685005983913e-37
"ENSG00000165280",395.822162409498,2.1583143390475,0.162492944223082,13.2825111229717,2.92420695255789e-40,6.51282450586276e-37
"ENSG00000090238",211.292381458529,2.85059161920475,0.215386712209405,13.234760816783,5.52724136219889e-40,1.16948136362085e-36
"ENSG00000106868",761.362523456775,3.16283243688004,0.239193224340071,13.2229181892849,6.47040253805389e-40,1.30384773429917e-36
"ENSG00000184574",273.362281463162,3.17069102980843,0.241881806398462,13.1084312500346,2.94629777182986e-39,5.66720376411473e-36
"ENSG00000119242",1554.02285200733,3.97772685960905,0.3062509460139,12.9884557464469,1.4226873657891e-38,2.61755918513467e-35
"ENSG00000128245",4865.75087347125,3.39391978172148,0.263042830647855,12.9025367213488,4.35520670134682e-38,7.67913674920388e-35
"ENSG00000129968",382.124431408472,6.0213958250344,0.467413673925624,12.8823698597926,5.65713936169048e-38,9.57572665474625e-35
"ENSG00000180354",5025.17636340278,3.30228983270074,0.256842244825992,12.8572690015928,7.82942726270981e-38,1.27429951336958e-34
"ENSG00000122257",533.150796149099,2.12656679369805,0.165575254102505,12.8435061460424,9.35401628718907e-38,1.46605150824067e-34
"ENSG00000110047",808.352259311385,3.01117380516182,0.235534521023657,12.7844266397764,2.00334755185982e-37,3.02770208400186e-34
"ENSG00000115756",377.421943583077,4.07248320347216,0.31990646003131,12.7302312153171,4.01648012708374e-37,5.86087550130353e-34
"ENSG00000100266",590.01730401094,3.15899517468656,0.248724645653845,12.7007726410956,5.85487953541868e-37,8.25869791001041e-34
"ENSG00000146535",403.366766194184,3.34122367084136,0.26331637678886,12.6890082249632,6.80419233309814e-37,9.28816151482949e-34
"ENSG00000186591",872.474271204346,2.64822450135137,0.209224803674118,12.6573162208634,1.01924510880566e-36,1.34785610216654e-33
"ENSG00000163932",752.276516278191,2.92533353065564,0.231562577590292,12.6330150626993,1.38854007707193e-36,1.78057122549857e-33
"ENSG00000124535",585.25874421019,3.55725474843123,0.281666093154762,12.6293325142146,1.45507260556796e-36,1.81100904264175e-33
"ENSG00000181788",800.070072435256,3.5246662817852,0.27943989524216,12.6133252330729,1.78307925237016e-36,2.15584470635852e-33
"ENSG00000166848",397.501919568498,2.11477473023769,0.167880912938432,12.5968741366879,2.19679323675524e-36,2.58226942777142e-33
"ENSG00000186480",803.522043800114,3.19229996684617,0.253713058732163,12.5823242319434,2.64142279960227e-36,3.02100239488566e-33
"ENSG00000005249",15895.4880041014,3.3024913080157,0.268124365207279,12.3170130601993,7.33614668058334e-35,8.16957155479593e-32
"ENSG00000176903",1047.03058998455,3.75823447718524,0.305559162756676,12.2995312700801,9.11012587361019e-35,9.88495375880929e-32
"ENSG00000022840",645.536540513873,2.69132405935649,0.218868705275398,12.2965229586845,9.4557621593245e-35,1.00034871824034e-31
"ENSG00000162434",813.638470602139,2.19508382620714,0.178914042121245,12.268929817815,1.32999592056245e-34,1.37271798464491e-31
"ENSG00000107816",71.2581739060208,4.45490251011824,0.364250496299862,12.2303265345473,2.14076332435977e-34,2.15692099040315e-31
"ENSG00000136156",12047.1322534953,2.74231504503918,0.22565537381527,12.1526689068976,5.55229926573192e-34,5.4641080936739e-31
"ENSG00000108100",944.178501253419,2.79071609073729,0.230164721896449,12.1248646088901,7.79889819005606e-34,7.50059033428641e-31
"ENSG00000143499",203.576534676385,3.21545532054261,0.267290500860386,12.0298151643711,2.47714709831633e-33,2.27881377737939e-30
"ENSG00000162722",4530.60187807604,2.92216262286452,0.244162555495081,11.9681030407768,5.22086361609924e-33,4.70066565196748e-30
"ENSG00000104341",178.892006089273,2.6764777664166,0.22416314041538,11.9398655883256,7.33416168418894e-33,6.46582749978798e-30
"ENSG00000099624",53.7061672792976,4.18510186559949,0.351051387374431,11.9216217799352,9.13135131963484e-33,7.88594681210179e-30
"ENSG00000101412",99.1621148628354,4.19146354471269,0.351900217769141,11.9109433102495,1.03796304983959e-32,8.78469647601241e-30
"ENSG00000184602",5856.70855858478,3.59612498528366,0.30243258945139,11.8906662532864,1.32346602247092e-32,1.09813944456671e-29
"ENSG00000082781",2169.04629481677,3.60483357784696,0.304230069365813,11.8490377540967,2.17675921523079e-32,1.77142153290234e-29
"ENSG00000160999",58.5391546393909,5.07422611490771,0.42878188097255,11.8340497583492,2.60274446489311e-32,2.07811957586569e-29
"ENSG00000034152",734.356040931119,3.08695014612663,0.261126077183609,11.8216846797574,3.01575417831323e-32,2.3632901771052e-29
"ENSG00000137198",1434.64199682978,3.72463542836614,0.315487320649325,11.805975025241,3.63552121229578e-32,2.79717002074037e-29
"ENSG00000105063",422.546255641006,4.56918285553809,0.387187903138831,11.8009442405016,3.85956103474326e-32,2.91651864834341e-29
"ENSG00000108960",12849.3514481161,3.16531479787938,0.269717740918598,11.7356566427519,8.36743943880769e-32,5.90141557886709e-29
"ENSG00000177731",440.095218700298,2.86490288055115,0.244336089684852,11.7252546860611,9.46160388376011e-32,6.56371625490289e-29
"ENSG00000249992",781.499208339001,5.19200724224127,0.443024914113045,11.7194475453732,1.01330634272553e-31,6.91614266211553e-29
"ENSG00000140859",323.435361888999,3.47645354246642,0.297215879223578,11.6967288273696,1.32461843469927e-31,8.89744100018558e-29
"ENSG00000123739",1303.09980127548,2.67779367581763,0.229102387821647,11.688196274507,1.46464141154715e-31,9.68425478319385e-29
"ENSG00000196924",10583.6759910298,4.32380985813922,0.370971322117183,11.6553749585349,2.15430030071189e-31,1.40251578192654e-28
"ENSG00000112977",1184.44353456062,4.02163214434104,0.346196873411615,11.6166044618186,3.39357365500433e-31,2.17584630846694e-28
"ENSG00000175166",362.639260706326,2.30369971188937,0.19912335447415,11.5692090361426,5.90242873704389e-31,3.61989966471719e-28
"ENSG00000185963",1205.61342104974,3.0255831805649,0.262774944170556,11.5139713571821,1.12190277946563e-30,6.78222284552101e-28
"ENSG00000088826",2896.95561771707,2.69338360911867,0.234526597032722,11.4843418324229,1.58135139388857e-30,9.42507703312433e-28
"ENSG00000161013",818.835940617809,4.97119575777672,0.433416353083959,11.4697927810161,1.87106791268693e-30,1.0996941786274e-27
"ENSG00000162909",1334.26859704321,2.6097574071082,0.227612312915865,11.4658006575983,1.95939003188341e-30,1.13582887642754e-27
"ENSG00000196182",1023.99520665718,2.98369897583064,0.260925110218604,11.435077955245,2.79285762376218e-30,1.59709940628032e-27
"ENSG00000148426",206.734217980288,3.4607546351562,0.302761620661601,11.4306252806868,2.93984187822573e-30,1.65873718347838e-27
"ENSG00000023902",1544.6336043531,2.76741741856624,0.242590887026549,11.4077550582655,3.8247320117079e-30,2.11971543360814e-27
"ENSG00000140564",504.230787241193,3.83870829415076,0.337091365208619,11.3877384304254,4.81320410969208e-30,2.61128664499795e-27
"ENSG00000176170",223.330777221978,3.86575583437791,0.340241240757243,11.3618085384777,6.47892948554073e-30,3.47049188657756e-27
"ENSG00000118900",178.775213630323,2.16995074592957,0.191834448370835,11.3115801898877,1.14999527518101e-29,6.00794445183144e-27
"ENSG00000006638",363.980016576761,3.32405311854477,0.29449558497459,11.287276577785,1.51663366663824e-29,7.82675449647934e-27
"ENSG00000187800",824.282745706519,3.13968699305676,0.280782555091612,11.1819161700853,4.99986080669534e-29,2.46022220647589e-26
"ENSG00000260032",5153.35965673066,2.73751794602099,0.244965888037687,11.175098573724,5.39903976589142e-29,2.62610535371526e-26
"ENSG00000257704",26.3899931292192,4.6306966069996,0.415649639282937,11.1408652127987,7.93447337574702e-29,3.81548988456235e-26
"ENSG00000185989",1318.76508726624,3.11866000969464,0.280551558429817,11.1161742502842,1.04664520033605e-28,4.97650392613717e-26
"ENSG00000175470",242.993148136447,2.67125243218768,0.240521437864804,11.1060887374588,1.17180466984239e-28,5.44914925425498e-26
"ENSG00000186716",389.961355870623,3.03372944961473,0.273459858177999,11.0938748737302,1.343397498011e-28,6.17919042644908e-26
"ENSG00000103187",2448.25833477836,3.10395437303345,0.27981472233166,11.0928915647061,1.35825030254167e-28,6.18033097340385e-26
"ENSG00000153162",1109.85132299126,3.17933933955846,0.286983947614264,11.0784570565313,1.59599169544972e-28,7.12210635216109e-26
"ENSG00000175582",1466.53339044182,2.89565186662279,0.261380645616953,11.0782948744655,1.59888485349931e-28,7.12210635216109e-26
"ENSG00000160445",208.437180113059,3.2552856399071,0.29529951353252,11.0236742382869,2.93815849548549e-28,1.26871482707612e-25
"ENSG00000181104",1874.90006321188,2.91237887657287,0.265118161793142,10.9852107334889,4.50186720489762e-28,1.90505514509653e-25
"ENSG00000198055",284.417345388692,3.44255818137967,0.31365045245758,10.9757794207081,4.9973009345235e-28,2.0937701351112e-25
"ENSG00000136238",1400.64177732377,2.46099935429553,0.22502025957103,10.9367901316401,7.68735962133113e-28,3.18927448133205e-25
"ENSG00000237854",124.739168330147,3.79271626810849,0.348792015252493,10.8738620789897,1.5355988394574e-27,6.24826308551141e-25
"ENSG00000157837",615.518949583446,2.38732338430814,0.220720507370156,10.8160470123626,2.88973915791799e-27,1.15363294288317e-24
"ENSG00000133627",224.518751864044,2.90320502045662,0.269616493576989,10.7679058574642,4.87973921179876e-27,1.911999298386e-24
"ENSG00000165716",114.727591289233,5.17750469309376,0.481372856686889,10.7557055225935,5.57060853190527e-27,2.16267377288656e-24
"ENSG00000135932",488.568675868897,2.27277393986953,0.211426837415254,10.7496946350556,5.94581318894483e-27,2.28735433378708e-24
"ENSG00000092929",755.69366848906,3.39196188988114,0.315905960012826,10.737251964931,6.80395261975935e-27,2.59389966675997e-24
"ENSG00000269556",255.75883958042,3.17130430299407,0.295412225039091,10.7351830228909,6.95809564160527e-27,2.62897976130188e-24
"ENSG00000263465",1010.92767192922,2.23723849175484,0.209419940025426,10.68302517651,1.22222566462364e-26,4.53692310963847e-24
"ENSG00000157978",1509.03556145795,2.87542867781921,0.269548795732875,10.6675626949147,1.44363481899634e-26,5.31219953351897e-24
"ENSG00000099804",33.558209779975,3.93703363240679,0.369978252238552,10.6412569079014,1.91528043676793e-26,6.92725831134262e-24
"ENSG00000060558",158.993428518018,3.58204796766662,0.336781873560023,10.6361067767746,2.02411092797135e-26,7.25883916431895e-24
"ENSG00000162368",4433.62939070187,3.03341790346065,0.285416135315298,10.6280533162908,2.20670447782707e-26,7.84715238556369e-24
"ENSG00000114353",1240.07028782284,2.54389167901771,0.239528185271129,10.6204273043617,2.39462442897948e-26,8.44444349676039e-24
"ENSG00000013016",1679.18290487272,3.00550936857608,0.28309250149451,10.6167042670127,2.49204678977186e-26,8.71293774346253e-24
"ENSG00000140479",944.604304193504,3.54192660223422,0.333739964558092,10.6128332785201,2.59750793963606e-26,8.93648320988448e-24
"ENSG00000198858",1652.3864906515,2.89071755541594,0.272420658319695,10.6112274056088,2.64254593822746e-26,9.01811423128802e-24
"ENSG00000064961",362.547153361472,3.73957091709056,0.352843804994415,10.5983748734082,3.03203094005404e-26,1.02645162632214e-23
"ENSG00000152484",336.20651819528,2.34889567835022,0.221682959295038,10.5957430639677,3.11854400155151e-26,1.04736052788615e-23
"ENSG00000174574",349.73406905138,2.5098171634034,0.238150073156067,10.5388049230564,5.72214013679696e-26,1.89174847006904e-23
"ENSG00000102572",372.002435340657,2.72166408033147,0.258753928652815,10.5183488208339,7.11087905222209e-26,2.33264394459598e-23
"ENSG00000188986",41.2525267826479,3.82090957538325,0.363427791648306,10.5135316098247,7.48374644675874e-26,2.43607460298069e-23
"ENSG00000235162",1591.24536333948,3.24150919603509,0.309068141681035,10.488008173228,9.80740466367462e-26,3.09716375487104e-23
"ENSG00000158457",3763.84298188043,3.58992157180867,0.342972340248908,10.467087722594,1.22349250892075e-25,3.8069509191176e-23
"ENSG00000106665",278.345175517879,2.82016693776825,0.270301007204013,10.4334311105237,1.74471986927381e-25,5.35009497884491e-23
"ENSG00000198753",39.8630558697222,5.23683007366127,0.503101395331946,10.4090947118245,2.25354410226828e-25,6.81165898397764e-23
"ENSG00000068383",137.537257030013,3.27286692968751,0.314621867102131,10.4025411832709,2.41407845950702e-25,7.24514596957154e-23
"ENSG00000259330",1509.66850418341,3.10232303911828,0.298359507470513,10.3979359177112,2.53361834107775e-25,7.55036108023853e-23
"ENSG00000141873",216.808017814225,3.06165707885739,0.295404608267505,10.3642834037473,3.60449996921108e-25,1.02370218253091e-22
"ENSG00000280852",75.0781805179612,3.76186072198192,0.364661663987142,10.3160301547754,5.96382671574811e-25,1.68247503420208e-22
"ENSG00000164897",24.5289330324362,5.16690736975604,0.503188360154428,10.2683364300604,9.7877857241735e-25,2.70712240843039e-22
"ENSG00000066697",663.390356207661,2.90770143404122,0.283391291430216,10.2603768075111,1.06291162693327e-24,2.88659762360402e-22
"ENSG00000254614",1684.89048152936,3.46306249490501,0.338429375463745,10.2327479408654,1.41447748537758e-24,3.76455621061152e-22
"ENSG00000159840",2395.42134494915,3.50451029316827,0.344048075544525,10.1861063679013,2.28742949487046e-24,5.97513295891563e-22
"ENSG00000130958",149.804151033903,2.50043999320534,0.246932895421202,10.1259898521833,4.23669990404511e-24,1.06716922523498e-21
"ENSG00000115457",184.606419284164,5.95265929788803,0.588921103333541,10.1077364424428,5.10501044821243e-24,1.27075721845297e-21
"ENSG00000160789",1221.93712803242,2.6982643781051,0.267742083503719,10.0778493346849,6.92247001710132e-24,1.71308867668817e-21
"ENSG00000140941",3128.65086299123,2.43704824937129,0.242031017641644,10.0691567267615,7.56236785783791e-24,1.84980763375796e-21
"ENSG00000182208",217.350494604749,2.91036930436172,0.28918201576607,10.0641435002515,7.95769491560132e-24,1.91332827126989e-21
"ENSG00000103266",40.3366322778549,4.17882386044595,0.41659625925498,10.0308722596769,1.11526958569176e-23,2.60745099766398e-21
"ENSG00000086232",3786.46015959772,2.97129743547594,0.296276332531441,10.0288045625805,1.13887060084319e-23,2.64799929757588e-21
"ENSG00000175221",140.945544851327,2.95178085812479,0.29531358493837,9.99541168666794,1.5962257842791e-23,3.63158529641605e-21
"ENSG00000143162",522.290557973876,2.55064906788604,0.255198171135458,9.994778005412,1.6064677928355e-23,3.63534211708128e-21
"ENSG00000175573",78.4862802307509,2.93038122665651,0.294311742331889,9.95672548923304,2.35698141747602e-23,5.24949382333331e-21
"ENSG00000197879",363.88118889742,2.87675324357847,0.289305899957162,9.94363835650926,2.68825164993312e-23,5.95595523927854e-21
"ENSG00000125898",444.932136840771,3.3381156871519,0.336390917222287,9.92332288492224,3.295968441833e-23,7.18945858520861e-21
"ENSG00000072422",629.156342385649,3.00928886277547,0.303822540449556,9.90475841036259,3.96928206734537e-23,8.56980149203337e-21
"ENSG00000102178",1263.51449104748,2.34755602451426,0.237130976358664,9.89982861186192,4.16989027487472e-23,8.95722064781085e-21
"ENSG00000176973",62.8806147229895,3.87131034280253,0.391267150179949,9.89428921140469,4.4073002414938e-23,9.41938001612591e-21
"ENSG00000095321",570.260021556819,3.58688797664664,0.362823306244285,9.88604622392043,4.78556484553132e-23,1.01255373784174e-20
"ENSG00000160991",758.481643016887,2.61259193489298,0.264846433552015,9.86455396002105,5.92974067776061e-23,1.21810114689707e-20
"ENSG00000090975",288.11977440308,3.00478545084476,0.305529567755353,9.83467974284826,7.9821163345257e-23,1.6008493693276e-20
"ENSG00000006007",384.220629134932,2.00786444000484,0.20493341299171,9.79764310120606,1.15243216799655e-22,2.26825451409815e-20
"ENSG00000122359",575.55384413169,2.66246457619597,0.272488354161204,9.77092978667579,1.50068446968306e-22,2.91304883961367e-20
"ENSG00000171033",215.470390351148,3.87833133435332,0.39724401209889,9.76309577043504,1.62129035251086e-22,3.10444089806345e-20
"ENSG00000060138",759.329815239691,2.83244065892429,0.290327481550039,9.75601980150853,1.73844532450716e-22,3.31377436023286e-20
"ENSG00000072110",6347.92150765447,2.91739332436446,0.300204737635243,9.71801227170895,2.5266548948791e-22,4.66901551033182e-20
"ENSG00000197122",276.188957823255,2.7104296101175,0.279174418328585,9.70873200469018,2.7675849886918e-22,5.04938395930366e-20
"ENSG00000105329",2029.48911105709,5.2157358280924,0.537222550289642,9.70870605725756,2.76828952562434e-22,5.04938395930366e-20
"ENSG00000159346",4911.85599166653,2.36631365145542,0.244245806705961,9.68824678453597,3.38285591524134e-22,6.09158781979863e-20
"ENSG00000175602",214.375762657372,4.95125635986858,0.511377871698759,9.68218734889892,3.5895261630813e-22,6.43635502725048e-20
"ENSG00000066044",170.254005603058,2.85187689137794,0.295467015023115,9.65209903770419,4.81596937727322e-22,8.56291496378449e-20
"ENSG00000103202",191.026608918639,3.96088929004035,0.410430931265947,9.6505623438839,4.8886904315159e-22,8.65584573181834e-20
"ENSG00000149781",5096.39400021704,2.77972321791031,0.288601064806685,9.63171504503027,5.87407619718436e-22,1.03142440844917e-19
"ENSG00000141959",159.908635325732,2.72776204003324,0.283675748958512,9.61577452442779,6.8591169118015e-22,1.18957889490452e-19
"ENSG00000180190",535.013098892223,3.08499157555401,0.321274566734283,9.6023523023082,7.81403737469444e-22,1.33333314348768e-19
"ENSG00000133606",1643.35382805369,2.11556309540336,0.220487665064529,9.59492720277212,8.39763606623804e-22,1.42145106165998e-19
"ENSG00000133069",335.83736230782,2.66531872736247,0.277926368040688,9.59001747891827,8.80700918064114e-22,1.47181025502698e-19
"ENSG00000104964",169.895326414955,3.06270991082231,0.319549474837031,9.58446235089036,9.29404343941155e-22,1.53631264150617e-19
"ENSG00000129292",572.778812780034,2.14609028419026,0.223974957318188,9.58183142386508,9.53391197951395e-22,1.56983094644783e-19
"ENSG00000087460",13438.6805762045,2.55929633875003,0.268749629394205,9.52297625309847,1.68288824914704e-21,2.69752962269527e-19
"ENSG00000141759",128.229964077236,2.72137554012723,0.286893057951815,9.48567929651438,2.40809455578999e-21,3.76721375478772e-19
"ENSG00000111252",349.07680704172,2.0469222104558,0.215854434485247,9.48288236624438,2.47354253609484e-21,3.84826836396785e-19
"ENSG00000261614",16.3409070992214,4.80490191064475,0.508774148074008,9.44407637226452,3.58552475085687e-21,5.45786513964065e-19
"ENSG00000184792",610.675742225245,4.28714961650467,0.454074254526081,9.4415166104918,3.67422219539814e-21,5.55293073723796e-19
"ENSG00000158109",134.282135952131,2.36162092187037,0.250215322312816,9.43835453417156,3.78679153446809e-21,5.70269243288563e-19
"ENSG00000116685",134.518878499953,2.83104243843671,0.301070864986925,9.40324278325522,5.29068259184046e-21,7.8008994856764e-19
"ENSG00000023909",448.031658747485,2.10782681238154,0.224605123258312,9.38458919281815,6.31621790408257e-21,9.21666872576077e-19
"ENSG00000123091",6493.05708866364,2.60185124223091,0.277356778322774,9.380882118565,6.54230588023896e-21,9.48119034020795e-19
"ENSG00000119280",1012.29034538722,2.79693746283341,0.29854035079362,9.36870830156865,7.34255810060548e-21,1.05327129201126e-18
"ENSG00000050393",1461.84289999982,2.81281562377706,0.300462554231385,9.36161789269397,7.85249159340512e-21,1.12261448229096e-18
"ENSG00000122490",62.9761057647957,3.12698435177678,0.334069103429211,9.36029198653321,7.95166395630202e-21,1.13296486073681e-18
"ENSG00000177272",260.625121204071,3.12363672757249,0.333940142952484,9.35388210580287,8.44884062931963e-21,1.19216425103353e-18
"ENSG00000183255",935.330440822123,2.19323044122746,0.234473634974549,9.35384671912271,8.45166895833962e-21,1.19216425103353e-18
"ENSG00000149218",1845.74427949872,2.43557661843224,0.260558716913423,9.34751539800343,8.97307586897118e-21,1.26150714799752e-18
"ENSG00000115170",554.589204372812,2.90170053761794,0.311183175776277,9.3247346370168,1.11261656506849e-20,1.52865568779231e-18
"ENSG00000198833",1022.29401608865,2.23332700203401,0.239529378954374,9.32381243496405,1.12233363506532e-20,1.53701593640969e-18
"ENSG00000169925",324.020915318883,2.31074844149683,0.24797576713967,9.31844457283329,1.18058252513624e-20,1.60638941209615e-18
"ENSG00000005007",106.342514619029,3.08261609683591,0.331498301050972,9.29904040854168,1.41718897048582e-20,1.89400766844301e-18
"ENSG00000005961",9160.93855200175,3.03326959152622,0.326230288998772,9.29793981066437,1.43193257237428e-20,1.89953262273236e-18
"ENSG00000100345",8821.78881966337,2.84200497194267,0.305705869615249,9.29653387263881,1.45098731091643e-20,1.91879468862658e-18
"ENSG00000064726",192.999253021417,2.88493037177544,0.310403732836172,9.29412267505842,1.48425181488921e-20,1.95059267238096e-18
"ENSG00000139970",208.416383630943,3.03343764190328,0.326498666157366,9.29081174390228,1.53116062645581e-20,1.99981864906576e-18
"ENSG00000117298",580.319391620269,2.87676524305845,0.310459494378309,9.26615321853543,1.92980487210496e-20,2.45974556544776e-18
"ENSG00000053371",138.28176139829,3.80522457571318,0.411378379880462,9.24993816354398,2.2462258346494e-20,2.83741906402564e-18
"ENSG00000014216",1578.01901325639,2.84841281488287,0.30855828473318,9.23136067257432,2.67215522263632e-20,3.35541817674485e-18
"ENSG00000130748",15.9126818625853,5.10521239675196,0.554961212311853,9.19922380788507,3.60544648710133e-20,4.44815390655006e-18
"ENSG00000100678",95.3281383054329,2.95630050156446,0.321792403832231,9.18698038349518,4.04023424557215e-20,4.9556693498515e-18
"ENSG00000126903",505.601650506286,3.02044036700911,0.32997039784808,9.15367071321268,5.50311266400099e-20,6.55969700331448e-18
"ENSG00000140854",71.4749054383693,2.76514657939016,0.302384521429082,9.14447130534976,5.992224457053e-20,7.06331371445994e-18
"ENSG00000084693",236.113172697619,2.74682572352405,0.301011697399867,9.12531222956142,7.15297707355613e-20,8.22534051145855e-18
"ENSG00000186111",98.6144664615257,3.52716196432045,0.388444080045322,9.08023096634376,1.08344694591049e-19,1.19396417734621e-17
"ENSG00000171161",106.498139218795,2.79014064796182,0.307645779140908,9.06932854971459,1.19752682853885e-19,1.29937802059688e-17
"ENSG00000104897",49.6552986213855,3.03519363214787,0.334911026778432,9.06268647331182,1.27276458497592e-19,1.37047274662662e-17
"ENSG00000180628",2817.8128844438,2.24246830218777,0.247869980422253,9.04695396500886,1.47011976995127e-19,1.55917439360972e-17
"ENSG00000111145",950.311135475902,2.59366259372887,0.2869431388222,9.03894271309269,1.5819443195947e-19,1.66112004397739e-17
"ENSG00000236279",65.3307208492804,3.36292733154519,0.374188576682471,8.98725279472896,2.5348709756833e-19,2.54793670018979e-17
"ENSG00000109062",449.821676620804,2.84813741662029,0.31703189751639,8.98375664698864,2.61676124704722e-19,2.6054937809717e-17
"ENSG00000187699",7132.38023934443,2.16589118583803,0.24117256343515,8.98066991944722,2.69123083269578e-19,2.67335246824383e-17
"ENSG00000196547",279.679429562586,2.49489937095235,0.277817154033858,8.98036472812002,2.6987065765399e-19,2.67450037937796e-17
"ENSG00000272325",14.8315559949777,5.32773642145892,0.594424909524557,8.96284179227993,3.16416384087939e-19,3.0781131322872e-17
"ENSG00000068831",589.519502055647,2.67697354652453,0.298914166148668,8.95565968323197,3.37710203722547e-19,3.26275860523448e-17
"ENSG00000167705",60.8308934318043,3.33793117304217,0.373382005443153,8.93972158374505,3.9015208734527e-19,3.73530902266738e-17
"ENSG00000151414",580.271680666235,2.49839012162605,0.280288473791377,8.91363846622404,4.93846671506495e-19,4.57289050287535e-17
"ENSG00000173757",247.74705317482,2.09796572397618,0.235679115633162,8.90178885108216,5.49537347110447e-19,5.06639911060409e-17
"ENSG00000151693",248.71589876848,2.27409009692881,0.256014707760235,8.88265411321041,6.52837105100896e-19,5.87789527160736e-17
"ENSG00000171443",44.7172989259417,4.23387436984677,0.476923738809071,8.87746619704695,6.84006153278776e-19,6.1324339805716e-17
"ENSG00000185236",374.215374816456,2.81166818992707,0.316934833828941,8.87143945636661,7.22064021701896e-19,6.44632557096184e-17
"ENSG00000111786",38.1496847808213,2.51788341118234,0.284518499655146,8.84962986320458,8.78100321384015e-19,7.61446133196872e-17
"ENSG00000090565",61.6604251510835,3.30312307926534,0.373500052269266,8.84370178584078,9.25985464177696e-19,7.98063684065327e-17
"ENSG00000148341",35.2237950791554,2.78305665441447,0.314712586929264,8.84316919628005,9.30411752512033e-19,8.00248661200238e-17
"ENSG00000126934",87.8597297861457,2.37949738436676,0.269356477935172,8.83400838401015,1.00990077436255e-18,8.59878693535213e-17
"ENSG00000156515",1528.82265093965,2.61781264815097,0.297146077641551,8.80985092897254,1.2531239096013e-18,1.05215167624203e-16
"ENSG00000187266",187.9812584397,2.90819700735731,0.330661531889669,8.79508720212327,1.42936930177895e-18,1.18077066598468e-16
"ENSG00000154978",115.688452888059,2.38101691766998,0.271107439839088,8.7825583801138,1.59797581223927e-18,1.2979182811234e-16
"ENSG00000124762",2366.61434627037,2.12955550601486,0.243071970477189,8.76100811555605,1.93511869959718e-18,1.53349097398603e-16
"ENSG00000091542",139.908298626781,2.18920063447638,0.250230246044004,8.74874508212489,2.15738394558405e-18,1.6875049246817e-16
"ENSG00000124302",53.3212889284787,3.8881282093877,0.444441400272567,8.74834839194364,2.16497982644712e-18,1.69032197999562e-16
"ENSG00000106976",101.644370214995,3.27611228927319,0.375323756690979,8.72876344987283,2.57472099872972e-18,1.98822022816142e-16
"ENSG00000047597",652.868059512533,2.73992065138219,0.314834908824258,8.70272188562045,3.24017290023423e-18,2.45285146009324e-16
"ENSG00000081377",1163.27363833146,2.6130736035037,0.300655650901677,8.69125059072399,3.58471370300698e-18,2.6943930687415e-16
"ENSG00000129353",2413.40707932152,2.59749359227131,0.299221701141561,8.68083291539888,3.9288095327728e-18,2.92076093296582e-16
"ENSG00000165006",208.901620632782,2.48633480671391,0.286416770941891,8.6808282857792,3.92896947378695e-18,2.92076093296582e-16
"ENSG00000180233",112.963408919127,2.53128245267154,0.291789806850311,8.67502014547784,4.13477277248191e-18,3.0482783869881e-16
"ENSG00000077713",72.5600456728061,2.84473166407678,0.328647807658907,8.65586685132931,4.89179433866804e-18,3.56907001774854e-16
"ENSG00000197324",296.386621992422,2.54900514172173,0.294796180273099,8.6466695035205,5.30242542168454e-18,3.84217014673672e-16
"ENSG00000165914",828.840820221489,2.68901943076503,0.31140392512394,8.63514944358772,5.86503123108687e-18,4.18018400185745e-16
"ENSG00000071127",3825.87492279278,2.32017734808114,0.269237406908531,8.61758911854838,6.83785408743289e-18,4.80660251524747e-16
"ENSG00000125970",374.132575469287,2.33491480662021,0.272108013129202,8.58083810090351,9.4184365605901e-18,6.4387718890871e-16
"ENSG00000119862",1863.48019617566,2.18662064644059,0.254934296537773,8.5771929322056,9.72164774601345e-18,6.61400269562783e-16
"ENSG00000150093",4137.6799935009,2.662469574776,0.3106412332885,8.57088270797359,1.02694802385307e-17,6.9420702117237e-16
"ENSG00000029534",402.657191642826,2.61524981500358,0.305791981304531,8.55238192920148,1.20574035704575e-17,7.92287495172436e-16
"ENSG00000127838",440.528247346603,2.38964109387185,0.27994749154431,8.5360332421254,1.38908412900784e-17,9.09936115901312e-16
"ENSG00000141503",336.851988343442,2.47841911313496,0.290721445955953,8.52506461979575,1.52724533046778e-17,9.91233752291491e-16
"ENSG00000180694",536.392034219057,2.83740554205249,0.332978105390353,8.52129763524894,1.57775496740066e-17,1.02088466292804e-15
"ENSG00000179364",103.999134950051,4.11153458471974,0.483958166306861,8.49564047259564,1.96844426314913e-17,1.23040850640594e-15
"ENSG00000183963",66.6967977512747,3.78697817403765,0.445949669563789,8.49194075587484,2.03214604656001e-17,1.26835286507787e-15
"ENSG00000124333",1082.23211640253,2.28130285388804,0.268664077847562,8.49128350974568,2.04367338530435e-17,1.27366902276766e-15
"ENSG00000175416",51.3354880601513,2.32809558414391,0.27484447316698,8.47059268581139,2.44147557218355e-17,1.4908502422524e-15
"ENSG00000185624",290.354429476268,2.9807905553689,0.352277704246689,8.46147945054605,2.64006593142711e-17,1.60747726647771e-15
"ENSG00000173020",173.193465445044,2.58357070227631,0.305357824619872,8.4607974447437,2.6555530337278e-17,1.61178299371207e-15
"ENSG00000184887",124.315661973087,3.84786889733646,0.454804047175402,8.46049836459012,2.66237283504203e-17,1.61178299371207e-15
"ENSG00000095303",10289.9961292616,2.45089993718369,0.289881475986641,8.45483461418778,2.79483202050817e-17,1.68474225942798e-15
"ENSG00000148180",1098.17672547302,2.64502186323255,0.313673977309416,8.43239176523538,3.38670981898305e-17,2.00161172360204e-15
"ENSG00000197226",244.259022907965,2.76751822831197,0.328252122245572,8.43107489870708,3.42504438034026e-17,2.02144495178325e-15
"ENSG00000106609",292.991160640642,2.06136741788497,0.244634689426505,8.42630872472507,3.56740203395551e-17,2.0908829899016e-15
"ENSG00000188177",348.7275881971,2.1670114571458,0.257204157871281,8.42525826596586,3.59955393802438e-17,2.10680946051698e-15
"ENSG00000254481",264.449594289819,2.36575044015954,0.281136546450171,8.41495163126664,3.93057061086508e-17,2.27849255534216e-15
"ENSG00000159069",534.05005910659,3.87078759984997,0.460024672127788,8.41430435012565,3.95233336074641e-17,2.28797388271827e-15
"ENSG00000157045",183.344713816249,2.55681028611884,0.303918058361511,8.41282778622358,4.00242390620847e-17,2.30436152978264e-15
"ENSG00000128294",1886.22999838806,2.48812701173644,0.295863576619933,8.40971044885562,4.11024125883816e-17,2.36322118682411e-15
"ENSG00000161999",18.2074053395776,3.49300966237584,0.417353469595692,8.36942763590696,5.78987710877197e-17,3.21535734398823e-15
"ENSG00000184500",1084.15760738787,2.84418115053689,0.3403064304001,8.35770616262812,6.39494868080188e-17,3.51448108214926e-15
"ENSG00000265148",102.102455553415,2.31572730995123,0.277425468373363,8.34720519182718,6.98972234534374e-17,3.79210359599886e-15
"ENSG00000173852",244.822888386219,2.54598990966735,0.305189373467185,8.34232817723288,7.28419643189311e-17,3.94175627120743e-15
"ENSG00000163950",205.074316724084,2.09035045394385,0.250953266942568,8.32964033268489,8.1088325642017e-17,4.37122888687036e-15
"ENSG00000198948",2746.11246564429,2.02323237764672,0.24311834613962,8.32200617424735,8.64868045154405e-17,4.62103801348472e-15
"ENSG00000172164",268.167926065092,2.01328857682231,0.242326845242138,8.30815329110806,9.72029092397562e-17,5.16750692248589e-15
"ENSG00000129925",59.1685136233293,2.73469999029475,0.329723056637505,8.29393011875799,1.09566836803888e-16,5.73829187256206e-15
"ENSG00000144677",1822.17511372647,2.45068930659577,0.295855884518902,8.28338875388906,1.19718807915851e-16,6.20090672530608e-15
"ENSG00000238227",64.2038985402792,3.66803530947189,0.442860414127811,8.28259919481826,1.20515498884378e-16,6.22692840816875e-15
"ENSG00000139597",303.237601846715,2.14899021715714,0.259545871563849,8.27980889932391,1.23373104944945e-16,6.35904955171159e-15
"ENSG00000111269",137.595827391352,2.26219236699574,0.273468248224666,8.27223043875009,1.31475873956128e-16,6.74383582812298e-15
"ENSG00000203485",420.446984597737,2.69391970042076,0.32608479590005,8.26140848727731,1.43963499811262e-16,7.29593224133312e-15
"ENSG00000056586",343.342435943705,2.11482972936559,0.256027706848515,8.26015963427302,1.454777771121e-16,7.36385537566115e-15
"ENSG00000176871",183.872701997018,2.4064037416072,0.292453379424689,8.22833282467465,1.89837006887464e-16,9.40671267032415e-15
"ENSG00000168118",1827.05101840752,2.15639861814372,0.262155428246315,8.22564931258116,1.94136256282748e-16,9.59727097794046e-15
"ENSG00000005238",127.307074428713,2.12492391507429,0.258963699036963,8.20548950673968,2.29653249233347e-16,1.12609925235313e-14
"ENSG00000074370",1391.68574968343,2.99879409795084,0.365536488277986,8.20381601869056,2.32874402338825e-16,1.1379383468559e-14
"ENSG00000102981",19.6362297780244,3.69162541777683,0.451301521987731,8.17995339682721,2.83953671585477e-16,1.36082304875228e-14
"ENSG00000112078",2216.39002428362,2.21408939658407,0.271048003373924,8.16862463114929,3.11925046676297e-16,1.48478427448829e-14
"ENSG00000259869",125.671593427711,3.06132488057253,0.375226075964597,8.15861443718365,3.3888954501157e-16,1.60232277946979e-14
"ENSG00000167100",262.026305725124,5.27410107013521,0.64688643560663,8.15305559033607,3.54842398195002e-16,1.67214540806435e-14
"ENSG00000138080",23.6418040603469,3.96399675858852,0.486516598355813,8.14771124353185,3.70876652299258e-16,1.73299764016013e-14
"ENSG00000185361",103.388505449807,2.47015654383024,0.303701845557019,8.13349204151106,4.17097483441816e-16,1.90402526502776e-14
"ENSG00000072778",168.455477546577,2.12193444970559,0.260911148807372,8.13278566057823,4.19536053899147e-16,1.91309344750541e-14
"ENSG00000099940",328.002385818268,2.57071845912024,0.317358597341621,8.10035864997534,5.47973985820208e-16,2.42052350291793e-14
"ENSG00000129355",2074.10477032782,3.23311628107424,0.401218084384993,8.05825162649415,7.739338174e-16,3.33508730661057e-14
"ENSG00000142327",313.570070523018,2.80607684083724,0.348623326570763,8.04902204462117,8.34582159862858e-16,3.55659750845081e-14
"ENSG00000196544",74.754902985345,3.20524528564864,0.399130376393762,8.03057215190884,9.70191374612479e-16,4.06893839439805e-14
"ENSG00000186642",91.8664208698663,3.70583745356265,0.461638668926482,8.0275715684312,9.94209725189536e-16,4.15731505378107e-14
"ENSG00000070413",158.736151136197,2.25860523686082,0.281645420485976,8.01932171651727,1.06330677230009e-15,4.42873550033692e-14
"ENSG00000112576",4132.4009382828,2.34760453354104,0.293166159373588,8.00776098631982,1.16815654472473e-15,4.80397283800936e-14
"ENSG00000150637",1967.8236243479,2.10061935196703,0.26250805150569,8.00211399200262,1.2230108225386e-15,5.00523684500638e-14
"ENSG00000204136",1213.52712648473,2.91231125730775,0.365115047018048,7.9764208051491,1.50637746220188e-15,6.03649385113609e-14
"ENSG00000118508",1515.48152416597,2.65029036374706,0.332389931380721,7.97343756093323,1.54320595806394e-15,6.17822578310233e-14
"ENSG00000071859",57.2362444027001,2.63131000345527,0.330141716529255,7.97024390349078,1.58361510175569e-15,6.31610181536244e-14
"ENSG00000181751",123.314178221565,2.56196946058023,0.32179912835077,7.96139341243837,1.70112568141759e-15,6.73400705898488e-14
"ENSG00000116678",669.972732428323,2.07532712097961,0.260892548665129,7.95471979402302,1.79537376201602e-15,7.09382180086198e-14
"ENSG00000157870",37.2346041935203,3.54078926069978,0.44528495767984,7.95173786949615,1.83913080525489e-15,7.24641511042564e-14
"ENSG00000099785",2838.9504514997,2.0775822295497,0.262491325585684,7.91486051934896,2.4753043864333e-15,9.40282367331219e-14
"ENSG00000161011",800.117137099446,2.10356787619415,0.265896162816558,7.91123818377703,2.5484142077504e-15,9.65454288535128e-14
"ENSG00000276045",394.206376480869,2.36325376937732,0.298735344039023,7.91086095613988,2.5561489819885e-15,9.66529742290508e-14
"ENSG00000022267",1638.54535202142,2.41437213785515,0.305602929235885,7.9003566618027,2.78106489290006e-15,1.03688390372557e-13
"ENSG00000238243",77.3097537753296,3.38820111405563,0.429250036722745,7.89330419147777,2.94289139116752e-15,1.0893703780276e-13
"ENSG00000172794",2350.75464921382,2.4201017178843,0.306940276280389,7.88460135376155,3.15541211429394e-15,1.15608289558941e-13
"ENSG00000167460",8848.50861055193,2.28946561342542,0.290417612148117,7.88335664800438,3.18701744214842e-15,1.16233662011326e-13
"ENSG00000090776",57.8800930158107,2.90450730163898,0.368727654910203,7.87710729846482,3.35047181258901e-15,1.21805769495987e-13
"ENSG00000150403",106.142538673202,2.46521277263768,0.313615744647202,7.86061546562623,3.82250573721055e-15,1.36388680675834e-13
"ENSG00000269378",109.667716643833,2.76243583365199,0.351709779739904,7.85430486378531,4.01995403319495e-15,1.42831565762142e-13
"ENSG00000259207",10900.661789574,2.78400656917321,0.354462081623245,7.85417316409123,4.02417987653905e-15,1.42861761606966e-13
"ENSG00000167657",46.940265484501,3.01041567013542,0.383336467207337,7.85319406751657,4.05573352750706e-15,1.43620481743528e-13
"ENSG00000250091",88.6707269607209,2.24583955501514,0.28609177210779,7.85006691548255,4.15815350266142e-15,1.46389835084961e-13
"ENSG00000141580",118.341911944973,2.22370601416755,0.283368942317816,7.8473879175987,4.24791758631848e-15,1.49054003731542e-13
"ENSG00000004866",304.844146664738,2.19525263875354,0.279813859656976,7.84540351734078,4.31563537030587e-15,1.5117942215665e-13
"ENSG00000078808",45.9747810793448,2.57300578673311,0.328067149621906,7.84292419920274,4.40173721240333e-15,1.53813636347871e-13
"ENSG00000165458",67.6527508920454,2.47675678426433,0.315822077227425,7.84225348021129,4.42531915562955e-15,1.54510091343874e-13
"ENSG00000069966",1006.46367651197,2.28892596829232,0.291945804782568,7.84024271216034,4.4967640284607e-15,1.56616924602775e-13
"ENSG00000101945",18.3820216998351,3.17292062400695,0.404722742886372,7.83973888242243,4.5148428458223e-15,1.56988171492738e-13
"ENSG00000035403",16843.2330699031,2.31997698103038,0.296445494520156,7.82598158486309,5.03711072502619e-15,1.73015758564069e-13
"ENSG00000147394",4109.32540063625,2.45063239375973,0.313819768836554,7.80904403455885,5.76233669613623e-15,1.95545149936164e-13
"ENSG00000159461",521.183379249098,2.52529293249171,0.323890470034645,7.79674972289734,6.35220482529869e-15,2.14218186615096e-13
"ENSG00000165646",74.1912701820899,3.00639369966995,0.385866376194834,7.79128186632136,6.63327519237427e-15,2.22073027148498e-13
"ENSG00000070214",608.725749248794,2.09052357330095,0.268770070601245,7.77811148623949,7.36151833001456e-15,2.44519129647744e-13
"ENSG00000185052",309.245056974813,2.64227881423507,0.34109994799958,7.7463477486028,9.45732870968991e-15,3.07630387238119e-13
"ENSG00000205639",399.68289952789,2.66807943537637,0.344676726806961,7.74081691007427,9.87800599050866e-15,3.18846361174946e-13
"ENSG00000090372",478.704335278381,2.68814022987307,0.348893509907084,7.70475848229153,1.31090980576635e-14,4.11221425134282e-13
"ENSG00000070614",269.816535420678,2.4485942422153,0.31785255761315,7.70355368728989,1.32333470445956e-14,4.14811516211965e-13
"ENSG00000125952",6158.81827022624,2.0563846644239,0.266975942224436,7.70250924967304,1.33419957038348e-14,4.17798314675065e-13
"ENSG00000078902",361.631305016474,2.38256114776293,0.309401539545741,7.70054716360162,1.35484820452145e-14,4.22810556568835e-13
"ENSG00000101460",24.3279323687084,3.5254604972134,0.45797598131903,7.6979157008619,1.38303558301919e-14,4.29390438493199e-13
"ENSG00000100994",1260.44010010307,2.68027776222246,0.348217878213787,7.69712852186446,1.39157914925055e-14,4.31094105847992e-13
"ENSG00000167522",430.976779311741,2.14515580737667,0.279123506036455,7.68532839758932,1.5260503130473e-14,4.68294931814523e-13
"ENSG00000102225",98.3042767519559,2.66933036951346,0.34797174406371,7.67111242522249,1.70511009291483e-14,5.161312146057e-13
"ENSG00000139211",171.425682444253,2.31403162794174,0.302320610948036,7.65423045648544,1.94473253817293e-14,5.79136149316425e-13
"ENSG00000151748",527.879437685774,2.18454870917407,0.2858048840503,7.64349677379763,2.11400428551956e-14,6.19946773044568e-13
"ENSG00000103942",314.912201540593,2.82848717278739,0.370376580855392,7.63678731051229,2.22708946184113e-14,6.47723331661382e-13
"ENSG00000164620",13.7321112851224,4.04823968189168,0.530312874971425,7.63368168670205,2.28142805157266e-14,6.61707956534615e-13
"ENSG00000143595",352.193421314194,2.72381141296452,0.35744157242151,7.62029831760165,2.53090116807525e-14,7.22185736543764e-13
"ENSG00000007520",15.8408519246583,3.88909909660285,0.510696094723832,7.61529045704951,2.63099145692236e-14,7.47721057639917e-13
"ENSG00000151502",194.818910523034,2.50675959661246,0.329260201430813,7.61330882298936,2.67166393116678e-14,7.57753368466384e-13
"ENSG00000110514",567.343298637525,2.17665453596113,0.287031367179632,7.58333333861355,3.36788083518903e-14,9.32713437844859e-13
"ENSG00000160013",330.188172975195,2.69221793423301,0.355031894327044,7.58303120719918,3.37573607077271e-14,9.33056977837289e-13
"ENSG00000167674",20.5530540857322,2.94942454248893,0.389014003647822,7.58179529485286,3.40805708549903e-14,9.41375663753671e-13
"ENSG00000177963",120.973565019222,2.11670454432045,0.27960679638906,7.57029003463547,3.72391866939491e-14,1.01930832039317e-12
"ENSG00000179526",175.862108159157,2.95374610058348,0.390857655891751,7.55708902220284,4.12189874396945e-14,1.11383390260891e-12
"ENSG00000173210",1322.2390899667,2.15507629195533,0.285973268258417,7.53593615613022,4.84843768866217e-14,1.29364021230212e-12
"ENSG00000151690",185.320435724876,2.30618457991977,0.306934993141751,7.5135928826946,5.75262940827084e-14,1.5073313849523e-12
"ENSG00000283632",35.6270840044258,3.43462876046628,0.458218122479846,7.49561964480649,6.59858823977067e-14,1.70888897516754e-12
"ENSG00000204310",605.541092425463,2.46898502010481,0.329713540891975,7.48827304279181,6.97857325178736e-14,1.79739673947587e-12
"ENSG00000171492",680.73690505079,2.27613545949722,0.304125496545199,7.48419808715031,7.19853120953085e-14,1.84283269929653e-12
"ENSG00000177119",3145.93768290887,2.38297858763731,0.320121867218206,7.44397316042453,9.77013581813028e-14,2.41496984471857e-12
"ENSG00000213015",24.6673449864926,3.04976713478684,0.411678915817966,7.40812078929825,1.28101604956148e-13,3.08143205577844e-12
"ENSG00000089351",69.7767135107213,2.20762593305025,0.298003207560614,7.40806097733434,1.28159378457122e-13,3.08143205577844e-12
"ENSG00000110799",373.949541530239,2.38346936027715,0.322233307555148,7.39671940917911,1.39590074312086e-13,3.3222908743895e-12
"ENSG00000128266",1195.23849999514,2.0889745031365,0.282734847695274,7.38845784368241,1.48541502837071e-13,3.51265241538035e-12
"ENSG00000160298",79.0457958515493,2.37312550673921,0.323452094601824,7.33686856985909,2.18649129731262e-13,4.97450280797732e-12
"ENSG00000104687",177.01840251631,2.39498859571897,0.326546508251395,7.33429552973558,2.22890771712339e-13,5.04928735896738e-12
"ENSG00000160813",13.7301255210827,4.13340767208049,0.564101597993053,7.32741705888837,2.34630786776956e-13,5.29539786882157e-12
"ENSG00000227199",9.66928478668235,3.79847490070674,0.519527626792624,7.31140117448067,2.64370928014847e-13,5.89119776766945e-12
"ENSG00000178585",72.037344417306,2.79447582866891,0.38271956228738,7.30162788640149,2.84306664141559e-13,6.28579159168149e-12
"ENSG00000198162",932.218279594343,2.08271471378599,0.285685986092318,7.29022358525131,3.09441058315525e-13,6.78126217749252e-12
"ENSG00000249646",87.9530903690519,2.05890782971299,0.28358210819733,7.26035871163036,3.86065119793927e-13,8.26777210238846e-12
"ENSG00000110218",294.512597017406,2.02215403447498,0.279376902148525,7.23808596531701,4.55060986466378e-13,9.56622740402271e-12
"ENSG00000168884",33.3708180484329,2.5298423169601,0.350720588320245,7.21327005373888,5.46239302763103e-13,1.12349454488458e-11
"ENSG00000130340",151.830708577229,2.143884918787,0.2972155406601,7.21323290843252,5.46388395531928e-13,1.12349454488458e-11
"ENSG00000133275",64.7171032287746,2.9277273476867,0.406158767626331,7.20833226079766,5.66412873393579e-13,1.15959814046425e-11
"ENSG00000189060",313.073885592637,2.53610754371666,0.353708898381858,7.17004167924189,7.49749372396117e-13,1.48526969776389e-11
"ENSG00000146540",285.989094308906,2.92542421537459,0.409378661326607,7.14601050747159,8.9336224588204e-13,1.72859671508872e-11
"ENSG00000197063",149.594872168259,2.14581319629719,0.300938952810683,7.13039364381349,1.00082284191335e-12,1.90859937815444e-11
"ENSG00000131791",107.398040843617,2.44618523481645,0.343201069038762,7.12755715379247,1.02165855994034e-12,1.94307978790991e-11
"ENSG00000164116",843.893717613545,2.53212652968582,0.355381276631633,7.12509829917255,1.04006433563817e-12,1.97453577798118e-11
"ENSG00000112096",2038.72120506762,2.32178863468773,0.326203375005807,7.1176107072663,1.09814008310176e-12,2.07085534298651e-11
"ENSG00000267185",17.4203036638205,2.21485893643112,0.311936583589471,7.10035004854069,1.24441289746811e-12,2.31879438935086e-11
"ENSG00000171611",923.084116466091,2.56064573500846,0.360746178622021,7.09819226579094,1.26399263153433e-12,2.35010440196125e-11
"ENSG00000113758",184.05623433652,2.93969015617405,0.416458877850635,7.05877653838461,1.67974940731032e-12,3.0147318468546e-11
"ENSG00000163735",6597.1973557227,2.66118156927594,0.377034389834321,7.05819320737647,1.6868142137477e-12,3.02461513064243e-11
"ENSG00000146094",200.011959871258,2.17641694495427,0.308756997727206,7.0489639456761,1.80254844771527e-12,3.20497658243559e-11
"ENSG00000184188",156.912378700618,2.71230295875833,0.385152417299457,7.04215483775483,1.89289304977409e-12,3.34732783900084e-11
"ENSG00000172057",124.489086398985,2.39339743893991,0.339936385495058,7.04072156163674,1.91246839303106e-12,3.37912004124824e-11
"ENSG00000147650",308.974721218115,2.2192602372307,0.315994640139483,7.02309455708203,2.17007238529029e-12,3.7978061674247e-11
"ENSG00000103495",12.926265460183,3.36942485018762,0.480171924089296,7.01712174567087,2.26485253928671e-12,3.93413590966533e-11
"ENSG00000128309",300.161969864905,2.51702115711267,0.358913017691736,7.01290015419417,2.33428041354066e-12,4.03512027205065e-11
"ENSG00000150712",527.884590409381,2.03286615877811,0.289925383516235,7.01168740081799,2.35460830682663e-12,4.06361989070075e-11
"ENSG00000155729",97.0707265794906,2.10147860948326,0.299866187170869,7.00805459031564,2.41654526959778e-12,4.16371930674142e-11
"ENSG00000224914",58.6779380609865,2.4852732466897,0.356327286892461,6.97469247545937,3.06540603047087e-12,5.13941311376528e-11
"ENSG00000064115",127.793669674227,2.05891235822929,0.296632410096226,6.94095549964143,3.89456690368928e-12,6.39280014210316e-11
"ENSG00000225205",219.399216965593,2.28772450050007,0.330047261858203,6.93150577168836,4.16384462868335e-12,6.79003518890149e-11
"ENSG00000108846",1817.59648383877,2.39145849489709,0.345588699867323,6.91995570403549,4.51784889853097e-12,7.32778121269203e-11
"ENSG00000183785",22.8270054316501,2.13981968308288,0.309289241934905,6.91850666934365,4.56429308784213e-12,7.3917792039118e-11
"ENSG00000213672",170.063538393036,2.33845772393822,0.338073382416682,6.91701223924227,4.61268250425985e-12,7.45587798062506e-11
"ENSG00000136295",188.682386796373,3.06238056526396,0.443644036744995,6.902787621654,5.0991837263622e-12,8.15503241679777e-11
"ENSG00000179348",149.465185693027,2.47513473113052,0.3588969309702,6.89650570273626,5.32972268262376e-12,8.48524735743376e-11
"ENSG00000111328",1875.44983935791,2.25327516053193,0.326797316984758,6.89502343936632,5.38559224546097e-12,8.55809639696477e-11
"ENSG00000127533",173.402421481168,2.41489589035039,0.350256908538461,6.89464170864517,5.40007316800695e-12,8.57788649589152e-11
"ENSG00000134602",405.900468332811,2.21007695114089,0.320831406871712,6.88859289896334,5.63469326978307e-12,8.90710926774039e-11
"ENSG00000138798",603.128878576188,2.2712946061971,0.330217992234094,6.87816733070971,6.06274334117123e-12,9.53035326776905e-11
"ENSG00000100243",2945.77161247168,2.42485846601144,0.352616777630523,6.87675295062744,6.12321627921641e-12,9.61469919434511e-11
"ENSG00000185800",64.7509276195772,2.75649870018319,0.401985047697304,6.85721699345108,7.02149377771501e-12,1.08878179623146e-10
"ENSG00000232533",68.1507104457856,2.52248323759146,0.368660232957539,6.84229817074408,7.79326625305335e-12,1.19879188669741e-10
"ENSG00000255552",38.9335742212894,2.27728069295459,0.332932879461706,6.840059463747,7.91603150226839e-12,1.21657131096216e-10
"ENSG00000146858",52.1259630342717,3.5079722811252,0.513073985167395,6.83716653453145,8.07748245603843e-12,1.23980712764664e-10
"ENSG00000110080",86.5130710282415,3.05966615556722,0.44861001910795,6.82032506017429,9.08347400832489e-12,1.38019881368145e-10
"ENSG00000185115",112.576229798194,2.0921468362332,0.308620947033917,6.77901761478063,1.20995776674699e-11,1.76985077135956e-10
"ENSG00000125875",142.448290422862,2.12155482756551,0.313192033338818,6.77397443654121,1.2529182013898e-11,1.82574860634339e-10
"ENSG00000139722",125.197474718731,2.28660981630435,0.337862586164604,6.76786927567748,1.30692756230748e-11,1.89466439377066e-10
"ENSG00000112658",28.3194764757813,2.01845777592158,0.299324208320726,6.74338299346242,1.54740598842948e-11,2.20699626600507e-10
"ENSG00000112031",93.7335017423192,2.08748638529522,0.310453533909338,6.72398976751488,1.76814854753055e-11,2.49242978300634e-10
"ENSG00000166979",79.4374155325748,2.16471369480853,0.322574889919568,6.71073218175254,1.93650247041893e-11,2.69828696215732e-10
"ENSG00000213563",15.2589634576082,3.39092537018438,0.505575548308981,6.70705966996654,1.98585075319692e-11,2.75977820436894e-10
"ENSG00000068354",103.255463675855,2.33298969863281,0.348120415891085,6.70167445555023,2.06044669051265e-11,2.85362076416637e-10
"ENSG00000272449",12.4929596621165,3.72850417177684,0.559016745654334,6.66975399352767,2.56232566888361e-11,3.45979372463777e-10
"ENSG00000077585",113.245274472185,2.60274216764143,0.391118324681921,6.65461576048151,2.84041120763113e-11,3.79531673739585e-10
"ENSG00000172725",128.17780814722,2.56072935153068,0.385147621449134,6.6486957439743,2.95701536549237e-11,3.92386388277017e-10
"ENSG00000168067",333.98774588919,2.10634607028248,0.316934878865529,6.6459901094577,3.01185484190073e-11,3.99037762506929e-10
"ENSG00000133243",74.6276312628444,2.94050901412377,0.443734270308122,6.62673408587965,3.43195053532085e-11,4.4865570220319e-10
"ENSG00000196715",249.955385740014,2.0230543609879,0.305762538615113,6.61642322225248,3.67993859049591e-11,4.76803310881859e-10
"ENSG00000169704",1959.04237797348,2.91666029440794,0.441870860827527,6.60070747581246,4.09200270632129e-11,5.23553360221864e-10
"ENSG00000131196",104.944943270451,2.0244704907713,0.30784011612541,6.57636995545623,4.82072233768049e-11,6.03903218364788e-10
"ENSG00000263155",235.118800592629,3.32690252609103,0.507517049537479,6.55525273313078,5.55477192855586e-11,6.85110124455548e-10
"ENSG00000137076",11318.5903559641,2.13697565245882,0.326695828203562,6.54117827034901,6.10360217027924e-11,7.42628329613878e-10
"ENSG00000082146",137.697499654984,2.0187476814564,0.30873103222682,6.53885573761582,6.19912842594388e-11,7.52736061981829e-10
"ENSG00000100075",46.0322797417861,2.68443868869182,0.411522147675317,6.52319371838471,6.8825876477907e-11,8.24604930610303e-10
"ENSG00000177697",675.37396964089,2.66438832469015,0.411616513615426,6.47298695887477,9.60842487407993e-11,1.1106247347622e-09
"ENSG00000166831",320.74859691734,3.39633468467466,0.526114877845861,6.45550017247317,1.07862057925798e-10,1.23029614696658e-09
"ENSG00000182512",70.4302896627941,2.11270507698654,0.327566547045397,6.44969730896771,1.12073763740048e-10,1.27182232775211e-09
"ENSG00000175895",95.3719147952641,2.62371103680806,0.407374119698208,6.44054423180286,1.19045855209558e-10,1.34517048195003e-09
"ENSG00000089639",91.9948054337643,2.06791254824014,0.321246696195264,6.43714806325418,1.21739168038777e-10,1.37121010750517e-09
"ENSG00000126391",79.7303550322174,2.21294755507129,0.343927839085927,6.43433681016558,1.24013594148652e-10,1.39164233985375e-09
"ENSG00000234456",510.926415042569,2.64591434715475,0.411381373536243,6.43177965110675,1.26118484313701e-10,1.40965554693684e-09
"ENSG00000087152",71.7712672066662,2.23839208528589,0.348987513993959,6.41396037258983,1.41787078212182e-10,1.56535449744454e-09
"ENSG00000243709",32.2243273232,2.47962630620992,0.386849554845187,6.40979490645206,1.45715525433851e-10,1.60453913343332e-09
"ENSG00000277763",22.392229703101,2.43547180506562,0.380373927842033,6.40283580655153,1.52517188822672e-10,1.67333935167462e-09
"ENSG00000143418",372.262044897309,2.11766692168208,0.331294286531473,6.39210215139313,1.6362052506941e-10,1.78268016461437e-09
"ENSG00000178732",92.2356917065739,2.34536135787977,0.367378362706915,6.38404869736664,1.7246620605388e-10,1.86895068926557e-09
"ENSG00000160190",142.684968108384,2.19625336918714,0.344064335424811,6.38326366048796,1.73353053603435e-10,1.87663882561692e-09
"ENSG00000186792",33.5556484196475,2.37725742826555,0.372694096459476,6.37857548817931,1.78742735443893e-10,1.92611569538559e-09
"ENSG00000284976",185.591550458923,3.16032814126965,0.49629127239976,6.36788982000075,1.91646500769361e-10,2.04850139678719e-09
"ENSG00000213445",54.3052587402835,2.37918306424877,0.37385874331664,6.36385561868143,1.96751099731673e-10,2.09773652994336e-09
"ENSG00000138031",89.3691458241832,2.37852130068296,0.373857855263272,6.36210064118621,1.99012965976019e-10,2.11864947954898e-09
"ENSG00000184897",29.895948628107,2.34286724449384,0.369063122858191,6.34814778119696,2.17922695858552e-10,2.29627358581831e-09
"ENSG00000164088",78.6578945451575,2.07955443909901,0.328038515803819,6.33936059003106,2.30720674823791e-10,2.41489161427613e-09
"ENSG00000166337",37.0316302789668,3.04401242862488,0.480568778938378,6.33418682618,2.38596264658238e-10,2.49116164114055e-09
"ENSG00000159363",30.8696855386248,2.35233436345009,0.371489796111108,6.33216413499157,2.41746112707989e-10,2.52093894811828e-09
"ENSG00000233369",24.8614199090966,2.68156852755812,0.426411329299865,6.28868968364665,3.20156712023882e-10,3.22419599779025e-09
"ENSG00000111674",356.424016529462,2.19707844155515,0.349518348654694,6.28601745805841,3.25713332885772e-10,3.27003822247384e-09
"ENSG00000147883",27.6329459709639,3.11806554213091,0.496132933096905,6.28473808958351,3.28406874216805e-10,3.29239367359216e-09
"ENSG00000105229",40.4291552202759,2.07150428912005,0.330744309548259,6.26315927233751,3.7725494008642e-10,3.72736336671423e-09
"ENSG00000105373",114.496694135154,2.68963502079144,0.431029119767276,6.24003088757356,4.3748449841008e-10,4.257826936343e-09
"ENSG00000137310",31.236781651472,2.7800554194929,0.445780061099145,6.2363835040944,4.47802509806748e-10,4.34525540185557e-09
"ENSG00000126254",46.730453801853,2.19733825114466,0.352436090116261,6.23471407374827,4.52604003194518e-10,4.38581259518718e-09
"ENSG00000154917",144.414616422191,2.38625673336017,0.382754273813409,6.23443524114235,4.53410843409862e-10,4.39262515123057e-09
"ENSG00000175931",170.303915771569,2.07354760527962,0.334070727697653,6.20691199007493,5.40358390620878e-10,5.13388999009962e-09
"ENSG00000127831",539.539138093516,2.11017792289985,0.342752009674819,6.15657345058851,7.43357068782806e-10,6.79996564627799e-09
"ENSG00000108946",3187.41376929543,2.27347570103477,0.370003302771074,6.14447407363118,8.02288925605601e-10,7.27457905824989e-09
"ENSG00000130717",39.7737375344134,2.04634985171166,0.333486370604638,6.13623233837551,8.45015476474448e-10,7.62441789295719e-09
"ENSG00000184113",944.495896525749,3.10384452082435,0.506075415519123,6.13316597811906,8.61471856238262e-10,7.75274653336681e-09
"ENSG00000230749",15.9304676174535,2.09656661005491,0.342724790238338,6.11734741626631,9.51457887280051e-10,8.44793189593578e-09
"ENSG00000167996",21454.1816139548,2.17850703682279,0.356145214424049,6.11690666782039,9.54092067893883e-10,8.46954353620002e-09
"ENSG00000198113",19.4538639730738,3.05948590956426,0.500641500184962,6.11113123549273,9.89273705652104e-10,8.73968588769939e-09
"ENSG00000219201",13.7836760734181,2.29244485099579,0.378068976184919,6.06356245923369,1.33139043571566e-09,1.12816277669563e-08
"ENSG00000168385",2471.31968025168,2.25235594507876,0.372489154250315,6.04676919952724,1.47779217982982e-09,1.23539572646896e-08
"ENSG00000198911",131.127312881028,2.38527433708705,0.394545324135133,6.04562819827029,1.48828953390206e-09,1.24269826768219e-08
"ENSG00000103502",76.2450090875903,2.25700879805098,0.37366614962064,6.04017463273669,1.53947519106725e-09,1.28164414047595e-08
"ENSG00000168159",44.5011749278746,2.37124914374539,0.393243542641538,6.02997604949081,1.63983979732569e-09,1.35427597001232e-08
"ENSG00000253549",59.5115139911812,2.11110049625747,0.350196366856942,6.02833351814832,1.65658921191764e-09,1.36624216879202e-08
"ENSG00000128791",214.595454687035,2.10238379805906,0.349023644448935,6.02361424933964,1.70564609497741e-09,1.40287319341417e-08
"ENSG00000170113",137.095956347316,2.10781278208775,0.35022543484085,6.01844575636143,1.76099703969548e-09,1.44334905537078e-08
"ENSG00000165244",277.352524358364,2.4530220655132,0.409131452661532,5.99568194905452,2.02633270518901e-09,1.63641834132602e-08
"ENSG00000141985",22.1386356253143,2.16239952158785,0.361143543310967,5.98764552665943,2.12900427314483e-09,1.71214507462315e-08
"ENSG00000112787",60.2154810301458,3.06010703291991,0.511300027524802,5.98495378092165,2.16451316659523e-09,1.73707004875423e-08
"ENSG00000130005",22.3571725079539,2.84726211825867,0.476035184366692,5.98120099472608,2.21498351173038e-09,1.774208920422e-08
"ENSG00000223612",5.49494091820932,3.810719733765,0.63848367585553,5.96839023121281,2.39605757758785e-09,1.90375457211387e-08
"ENSG00000168040",6.62114842350322,4.83527146872092,0.811992228531265,5.9548248109061,2.6035056640649e-09,2.04934057266061e-08
"ENSG00000110697",35.7685075957203,2.5658138906994,0.432452986789334,5.93316260745197,2.97154284997248e-09,2.30643394685043e-08
"ENSG00000169224",114.39231525117,2.22855855551852,0.377769415690829,5.89925616779523,3.6514394965759e-09,2.77810077627836e-08
"ENSG00000184702",4.65192121193956,4.47658630852124,0.759214591521413,5.89633860902287,3.71655916819137e-09,2.82054580918856e-08
"ENSG00000130052",41.175535801843,2.98217372089314,0.507080558618339,5.88106499097259,4.07635055677824e-09,3.05957656103556e-08
"ENSG00000243449",6.31337575786093,3.2839039204113,0.559244731082098,5.87203372315584,4.30481144559614e-09,3.20842498941509e-08
"ENSG00000160685",46.3915547998203,2.81571965089616,0.481775940077403,5.84445883794817,5.08217684093109e-09,3.72531573493298e-08
"ENSG00000225972",390.760072809121,2.47248318302904,0.426040657288872,5.80339725969533,6.49845781108114e-09,4.63423052227032e-08
"ENSG00000130725",41.0268207988733,2.21963343775451,0.384426751946302,5.77387870775589,7.74672109826795e-09,5.40507826406273e-08
"ENSG00000173264",86.7642798655125,2.41060613900459,0.418048584414863,5.76633010820665,8.10162986903724e-09,5.62396114120815e-08
"ENSG00000175938",38.6239779969426,2.03901517654039,0.353820744694286,5.7628480158849,8.27062680682664e-09,5.7206295290043e-08
"ENSG00000244300",8.86331740267476,2.927918037519,0.508841231909197,5.75408959398456,8.71099515193004e-09,5.98504448928238e-08
"ENSG00000198816",10.2750599554976,2.64624269090719,0.460803016852741,5.7426765757327,9.31916183977544e-09,6.35857741976423e-08
"ENSG00000159335",51.849338303138,2.51284961975317,0.437862021827033,5.73890745141129,9.52892721132415e-09,6.4912365228848e-08
"ENSG00000233016",40.9954421503234,2.10575714487845,0.367636570172806,5.72782284387173,1.01727716386094e-08,6.87999324646053e-08
"ENSG00000150594",79.1578716589056,2.77866579296273,0.485176603305629,5.72712240044344,1.02148469920446e-08,6.90151820705289e-08
"ENSG00000204439",19.9727488330857,2.61059817085759,0.456509599691761,5.71860520046082,1.07402013805612e-08,7.22794373125333e-08
"ENSG00000085741",35.1383409328487,2.6450429843216,0.463498524245747,5.70669127507125,1.15193443367314e-08,7.68870811194736e-08
"ENSG00000124491",37664.5117908193,2.14262320075366,0.377707213925901,5.67270923550325,1.40556684230615e-08,9.18884166010648e-08
"ENSG00000102871",16.0306803858974,2.22311124887872,0.395025878125315,5.62776104550162,1.82563752838906e-08,1.16156222055089e-07
"ENSG00000067057",122.983574082996,2.24642298104406,0.399290126209594,5.62604190183475,1.84391573343031e-08,1.17283905142899e-07
"ENSG00000165698",27.8576568474172,2.22900615609199,0.396688691491795,5.61903125523832,1.92031119030823e-08,1.21777024786863e-07
"ENSG00000179855",48.7603619228158,2.28577215453717,0.406925379740349,5.61717766533923,1.94101813524255e-08,1.22961174294998e-07
"ENSG00000110011",193.949290859913,2.07672152783135,0.370951236022486,5.59836799601731,2.16379066208346e-08,1.35531571118096e-07
"ENSG00000160796",91.4628541293542,2.53637913952017,0.453810647444979,5.58906926005452,2.28289893589085e-08,1.42192278878559e-07
"ENSG00000105204",13.4667104769391,2.25008375414228,0.403634726144983,5.57455443844558,2.48164195848612e-08,1.53419492706e-07
"ENSG00000272667",7.636974460922,2.97470190105425,0.533928947008665,5.57134412307107,2.52781470102327e-08,1.56000488119005e-07
"ENSG00000123080",37.5578877811801,2.72443160645959,0.489692428955393,5.56355672533334,2.64330884474951e-08,1.62488234141872e-07
"ENSG00000177666",29.1614584759227,2.10453818756681,0.378859964002441,5.55492368561079,2.77733072818366e-08,1.69691458886151e-07
"ENSG00000163430",957.747186403875,2.44878201752326,0.442630634465673,5.53233740922459,3.15991308005323e-08,1.90454410779964e-07
"ENSG00000105717",33.8134891571365,2.40838928039989,0.436830437250702,5.51332754090504,3.5211205545851e-08,2.09863744377997e-07
"ENSG00000024422",58.3156628619832,2.11990452300404,0.385080330770645,5.50509686838994,3.68965335758397e-08,2.18921846793159e-07
"ENSG00000272447",9.86167406804929,3.13913655214748,0.573465893521906,5.47397253717856,4.4005729183041e-08,2.56157772492194e-07
"ENSG00000188013",15.536010480891,2.40522025477443,0.439467557773088,5.47303256459338,4.42398777684697e-08,2.57439343719517e-07
"ENSG00000004059",249.645943759519,2.00602629185536,0.36663145848936,5.47150618258684,4.46226773166055e-08,2.59417205111526e-07
"ENSG00000039987",10.7808644503218,3.40869948642267,0.624983236803828,5.45406546238712,4.9231064584573e-08,2.83482237042506e-07
"ENSG00000204590",66.996432893099,2.00500605669665,0.369235597107555,5.43015373491363,5.63055268312414e-08,3.20355475913747e-07
"ENSG00000131116",10.0498242213855,2.52924046084275,0.466714640170497,5.41924388726865,5.98516233334162e-08,3.38420783618409e-07
"ENSG00000184207",14.3771705851722,2.74800437923439,0.508221111980135,5.40710394443787,6.40519745774672e-08,3.59385760831965e-07
"ENSG00000167641",294.555053998642,2.54473841617528,0.472737872232872,5.38297979841509,7.32627634059402e-08,4.05156868668214e-07
"ENSG00000180884",50.6088127731958,2.7393629115197,0.509692513973975,5.37454021084479,7.67783484179581e-08,4.22171175935906e-07
"ENSG00000169957",8.11009820171542,2.89920576797468,0.541518117506587,5.35384814329765,8.61031293967389e-08,4.68151885735809e-07
"ENSG00000183386",89.2496460311709,3.0943435025592,0.578023575775669,5.35331711757051,8.635631086825e-08,4.69468140674683e-07
"ENSG00000235105",11.7074210265528,2.50750211910508,0.468544651716371,5.35168229947691,8.7140290107036e-08,4.73365296079518e-07
"ENSG00000172889",227.627086099457,3.09227224525623,0.578772162528737,5.34281440169073,9.1514451939425e-08,4.9433457527708e-07
"ENSG00000152082",14.3800675377549,2.04609337472636,0.383611046856974,5.33377073337837,9.61939648244211e-08,5.16709826031357e-07
"ENSG00000184481",22.1342831652673,2.3921222141525,0.448878313237434,5.32911068235811,9.8694839161374e-08,5.28867862326436e-07
"ENSG00000172667",253.45217993762,2.07647202644803,0.390766489509842,5.31384364368769,1.07336727064913e-07,5.7069585113782e-07
"ENSG00000237529",11.0500447326149,2.36115291403022,0.44499126582299,5.30606574864651,1.1201656770699e-07,5.9274791742612e-07
"ENSG00000169860",212.560553519321,2.03368278711229,0.383704346584122,5.30012965768275,1.15720471091299e-07,6.10134958281897e-07
"ENSG00000197451",33.7792838628491,2.08237939065589,0.393971648500751,5.28560722219565,1.25288461068363e-07,6.54547136670359e-07
"ENSG00000110665",278.124356428727,2.0545493196638,0.388746008367372,5.28506859348177,1.25657664435222e-07,6.5615194791526e-07
"ENSG00000126458",131.665122201603,2.49601521998316,0.47285804012749,5.27857201986075,1.30194494445713e-07,6.77667948518969e-07
"ENSG00000065833",108.915099611339,2.3648348419035,0.448789546356774,5.26936258008009,1.36898313984934e-07,7.0976794326151e-07
"ENSG00000150630",16.7239049984614,2.12855995565675,0.406289976714777,5.23901665718679,1.6143446871979e-07,8.19803481677108e-07
"ENSG00000154146",8141.47115298086,2.5017296452928,0.477689019987713,5.23715124403978,1.63074054860511e-07,8.27434625843192e-07
"ENSG00000167476",6.96771172426462,3.38128732465185,0.649508311536129,5.20591848417596,1.93039378034668e-07,9.61380176567382e-07
"ENSG00000231437",51.2838156408587,2.07281756109465,0.398899171130996,5.19634461815903,2.03245330119911e-07,1.00687574744607e-06
"ENSG00000137878",313.539049696634,2.54400386817792,0.489623959523268,5.19583206396789,2.03806183159718e-07,1.00918163500699e-06
"ENSG00000135045",36.067463567085,2.58710279458285,0.49837360292839,5.1910911400229,2.09065251368809e-07,1.03196246846774e-06
"ENSG00000143321",899.807938777666,2.02255591844717,0.392136528443513,5.15778503592918,2.49888270101125e-07,1.20989953385232e-06
"ENSG00000248996",8.0447494275621,2.80329764310034,0.545647500656333,5.13756159375492,2.78326257618307e-07,1.33340113705806e-06
"ENSG00000270055",354.048001462142,2.20827543038554,0.431121093619147,5.12216976406247,3.02039768648198e-07,1.43675999211846e-06
"ENSG00000142459",19.9556742652205,2.61252088607884,0.510660047680239,5.11596882886505,3.12134609381655e-07,1.47962364346404e-06
"ENSG00000168994",35.9014697903755,2.77184964062669,0.541902695066896,5.11503202670826,3.13687727575236e-07,1.48565456830456e-06
"ENSG00000152642",115.865567162678,2.01408106385537,0.394908932969489,5.100115230898,3.39446761825966e-07,1.59426954719083e-06
"ENSG00000166165",20.0379442895121,2.13398593867991,0.419500164364509,5.08697283089897,3.63823929970761e-07,1.69689598198751e-06
"ENSG00000123159",37.8780806353263,2.37189067193193,0.466743872428725,5.08178213372075,3.7391012773864e-07,1.73914650203517e-06
"ENSG00000167642",296.158902693209,2.11266752126028,0.415909784598537,5.07962928378703,3.78172096749627e-07,1.75607468650872e-06
"ENSG00000232320",4.89331929459878,4.16737674820555,0.826798675539516,5.04037666181092,4.64616485689729e-07,2.11206099741457e-06
"ENSG00000198478",10547.2377093062,2.00312144078209,0.397883449205627,5.03444273638754,4.79240904943661e-07,2.17076322267127e-06
"ENSG00000235169",17.3264118216571,3.1027979646223,0.617205534378581,5.02717132591218,4.97767612677785e-07,2.24587184835119e-06
"ENSG00000110917",124.875493866532,2.03534120592707,0.405591384839209,5.01820620951787,5.21561773334745e-07,2.34149475516724e-06
"ENSG00000259642",33.9052929779036,2.24896397719554,0.448164960681812,5.01816111142221,5.21684195519651e-07,2.34179591617748e-06
"ENSG00000103184",304.467185558338,2.10368524431728,0.420188529535468,5.00652706213322,5.54208729907715e-07,2.46924094463292e-06
"ENSG00000169733",21.9111067694929,2.10176384170677,0.42061294584213,4.99690716247149,5.82570967852269e-07,2.58359417801346e-06
"ENSG00000274021",10.6630499409724,2.23972350075472,0.448651148239836,4.99212697781268,5.97179719813538e-07,2.64090858013894e-06
"ENSG00000258738",30.4056792076962,2.216518931862,0.444413797424104,4.98751151451487,6.11619755650067e-07,2.69912537280674e-06
"ENSG00000228594",18.9930605927617,3.1935749177929,0.6409245661619,4.98276253774644,6.26828570917245e-07,2.7607727555688e-06
"ENSG00000101439",1395.87822917336,2.06854554124329,0.415782472276093,4.97506672159501,6.52251698392417e-07,2.85787276049616e-06
"ENSG00000163121",23.4315894535357,2.13719892550399,0.431667267336074,4.95103309243987,7.38205482160183e-07,3.19271113679422e-06
"ENSG00000235586",4.43540308156435,3.28884091615545,0.66427537110754,4.95102040389063,7.38253620850519e-07,3.19271113679422e-06
"ENSG00000168936",38.0375125532021,2.22911987336169,0.45257547455781,4.92541023249139,8.41835513290914e-07,3.59184849928732e-06
"ENSG00000131584",10.7899801336632,2.82028585290716,0.573358305621778,4.91888898312672,8.70368132314911e-07,3.70090115104201e-06
"ENSG00000070423",16.8545482513065,2.33375423903665,0.475735786644093,4.90556797397832,9.31573710119747e-07,3.93780887934645e-06
"ENSG00000140931",122.515631920649,2.0959417888984,0.428882462664796,4.88698413051348,1.02392343691371e-06,4.29046124169496e-06
"ENSG00000105701",734.002117059391,2.39754916388799,0.490848432157075,4.88449999392228,1.03691645947762e-06,4.34060676780238e-06
"ENSG00000227850",14.9988943719543,2.60221134749891,0.535259416915751,4.86158910102555,1.16447144444752e-06,4.8079752282843e-06
"ENSG00000156860",100.027176506556,2.07445994874893,0.427195773347601,4.85599361738297,1.19784559758406e-06,4.93325860369487e-06
"ENSG00000067191",21.3195354336752,2.11230943717454,0.435745776358997,4.84757294683282,1.24981082297248e-06,5.12632011202156e-06
"ENSG00000162430",66.3631441466321,2.08026011035307,0.430848404546639,4.82828783488714,1.37711948470711e-06,5.58141607454752e-06
"ENSG00000130734",17.7933434530995,2.70390806249976,0.560079116479638,4.82772519620995,1.38101481472534e-06,5.59345366718342e-06
"ENSG00000087053",346.664220627652,2.08405679353302,0.432410752518802,4.81962296587988,1.43829780155596e-06,5.80158689051983e-06
"ENSG00000164877",11.2518680011878,2.78363664629125,0.578891484336332,4.80856381828201,1.52018498903963e-06,6.09933328730348e-06
"ENSG00000254933",3.80417196346248,4.55707076612662,0.953763384418191,4.7779887974065,1.77057242834395e-06,6.9925630844826e-06
"ENSG00000229809",30.1728194871057,2.44544745218909,0.51295680855548,4.76735547984173,1.86659798493881e-06,7.32531085307015e-06
"ENSG00000178685",16.1819348942813,3.05214333883022,0.640385813919484,4.766100798126,1.87825320300106e-06,7.36763448196106e-06
"ENSG00000100399",23.9878731716095,2.76103752539564,0.580448777553487,4.75672898654907,1.96755030532985e-06,7.68088803234717e-06
"ENSG00000196843",37.6376566019748,2.37540793896342,0.500927317161808,4.74202116271516,2.11596513827752e-06,8.19000244731455e-06
"ENSG00000101298",28.4865154607641,2.40522668018399,0.509079502408099,4.72465826812227,2.30502639230295e-06,8.8521464600312e-06
"ENSG00000142208",96.2217148677413,2.25075550709715,0.477328124902985,4.71532136840795,2.41329538608512e-06,9.22024384732429e-06
"ENSG00000144647",25.6905860577022,2.50262348369233,0.531394844749504,4.70953662501572,2.48280598558599e-06,9.45593563964019e-06
"ENSG00000177508",31.7695480344276,2.81933049349109,0.598673459928211,4.70929593877298,2.48573937135163e-06,9.46540384931945e-06
"ENSG00000130511",11.3994629801778,2.46460322463327,0.523846149749092,4.70482263888692,2.54086747511557e-06,9.65360827298129e-06
"ENSG00000171159",974.43951948769,2.06665858220734,0.439409554406048,4.70326273401326,2.5603659722085e-06,9.72332467431993e-06
"ENSG00000285043",29.0270057042219,2.15310685384376,0.459432335577673,4.68645040218277,2.77984146149419e-06,1.04759596692537e-05
"ENSG00000224051",15.7020288503573,2.76181197262873,0.59090307121988,4.67388325961339,2.95557373307596e-06,1.10604009252366e-05
"ENSG00000230641",6.5398344689518,2.79595898145114,0.599035628866776,4.66743353269386,3.04985364544467e-06,1.13830178791923e-05
"ENSG00000105376",7.59881441724383,3.69143060344067,0.791578929520707,4.66337653236399,3.11062844690503e-06,1.15843055520267e-05
"ENSG00000184838",42.7448503767904,2.43941440195086,0.526703441617944,4.63147610058782,3.6306791331761e-06,1.33021167860271e-05
"ENSG00000274767",10.4330197873305,3.01124926217321,0.650905274563845,4.62624805766242,3.72349312481443e-06,1.36080022940472e-05
"ENSG00000214018",107.826111263445,2.13872471362655,0.462365329035527,4.62561654025363,3.73485728951204e-06,1.36389330272938e-05
"ENSG00000106484",254.158875529752,2.14290611059551,0.464859354872875,4.60979452845804,4.03067135485966e-06,1.45994966809549e-05
"ENSG00000287763",9.12346289210839,3.45867627967402,0.751741899877057,4.60088267028838,4.20704364426342e-06,1.51591847662036e-05
"ENSG00000151468",35.6382629904689,2.43894157144532,0.53510315764553,4.55789044896827,5.16699746618739e-06,1.82498816272975e-05
"ENSG00000167671",100.649683966333,2.07940486656607,0.456491884293027,4.55518474284919,5.23395581204056e-06,1.84509586886138e-05
"ENSG00000130956",60.9489918948146,2.6797277797012,0.589156791851944,4.54841192830485,5.40522552588112e-06,1.89993295604877e-05
"ENSG00000173457",11.3943053300143,2.1953068089529,0.483563607813926,4.53985116637985,5.62939506609172e-06,1.97168607028475e-05
"ENSG00000101084",7.26072170558862,2.47843567064232,0.548673921504592,4.51713772698704,6.26811386958957e-06,2.17007096964266e-05
"ENSG00000271743",12.3085397097366,2.30590488372995,0.510542609171848,4.51657676030286,6.28473418917595e-06,2.17546909352441e-05
"ENSG00000071246",29.2253498363873,2.5641399998438,0.568334281932544,4.51167575379193,6.43174575470164e-06,2.22163239818553e-05
"ENSG00000198680",4.75636849678432,2.82454130657828,0.627082988220605,4.50425439636486,6.6606379130684e-06,2.28948269488519e-05
"ENSG00000158717",29.1287636030954,2.1132078082543,0.47338066706091,4.46407712713453,8.04145961658742e-06,2.70910314939201e-05
"ENSG00000130222",7.60792856998949,3.22935784282862,0.724415263503577,4.45788210923399,8.27734010132628e-06,2.78037943378175e-05
"ENSG00000234117",6.68067865531404,2.32936352273156,0.525347638730352,4.43394687822547,9.25234329214174e-06,3.07083459681225e-05
"ENSG00000233087",11.9733857589668,2.1054173978405,0.477758997886537,4.40686079624713,1.04879542650859e-05,3.43858960746603e-05
"ENSG00000217241",6.53815420300839,2.38381963015318,0.541518380683191,4.40210289288002,1.07206690263009e-05,3.50809272491475e-05
"ENSG00000259172",13.7149106976558,2.15721980326274,0.490102768956045,4.4015662426429,1.07472245273132e-05,3.51517781357258e-05
"ENSG00000214026",2.1378107230491,4.05206025014519,0.923395604710746,4.38821695649558,1.1428374167342e-05,3.71354150072496e-05
"ENSG00000101986",13.8638161763501,2.50631500335235,0.572496093088373,4.37787267653102,1.19843324012103e-05,3.87485478470367e-05
"ENSG00000014164",12.6735613436576,2.22316751376526,0.509384879666598,4.36441598977253,1.27462821197731e-05,4.09835438387995e-05
"ENSG00000182534",54.2029896880099,2.17332103818214,0.49980703534767,4.34832022056344,1.37184205225338e-05,4.37766685206293e-05
"ENSG00000226564",55.2894561838937,2.0130195459582,0.464152739753438,4.33697654575417,1.44456032330002e-05,4.58688821198221e-05
"ENSG00000197982",14.7195919775937,2.38296673121139,0.551729261817601,4.31908708876707,1.5667595092094e-05,4.93160980000104e-05
"ENSG00000105711",457.37500203833,2.16223293613686,0.503728812782143,4.29245435494277,1.76708884899225e-05,5.48667538504695e-05
"ENSG00000182087",15.3163164929246,2.95440571931518,0.690917576435032,4.27606102389115,1.9022909993355e-05,5.85151182807883e-05
"ENSG00000188566",9.06962456140098,2.51136293822671,0.589590485781668,4.25950384002074,2.04881179432502e-05,6.24996890862543e-05
"ENSG00000107789",13.8953456666607,2.10376898346641,0.49611955434783,4.24044761999334,2.23074488150804e-05,6.74804711922052e-05
"ENSG00000108561",21.4006509325081,2.06282746733807,0.486516040300235,4.23999888280164,2.235208991043e-05,6.7601014060868e-05
"ENSG00000170846",19.8099170046085,2.2063602546039,0.520384696227694,4.23986383650013,2.23655411688666e-05,6.76320284152444e-05
"ENSG00000231636",3.69390435974144,3.19790507994002,0.754603343916432,4.23786232292945,2.25658069946573e-05,6.81645552568287e-05
"ENSG00000054356",100.00286936744,2.07428892283129,0.492655528087341,4.21042453514,2.54891257143374e-05,7.60343530842813e-05
"ENSG00000232187",71.8887466169776,2.47986260390744,0.589940092319542,4.20358378112098,2.62721844713058e-05,7.80840026880354e-05
"ENSG00000125967",10.5193178265445,2.52160257330458,0.602721996267034,4.18369097016893,2.86813937231294e-05,8.4437911380386e-05
"ENSG00000223298",17.1545362869369,2.03967066640378,0.489955208116645,4.16297374252667,3.14129502948714e-05,9.15623238481936e-05
"ENSG00000249741",4.01170890750307,2.73174992744442,0.657980678599416,4.15171754474501,3.29989380135927e-05,9.55729286100336e-05
"ENSG00000159761",5.16092308777575,2.71451159966603,0.656486096476598,4.13491102741548,3.55092180099596e-05,0.000101977847202407
"ENSG00000185813",13.7037088175826,2.48161710092092,0.601888364254909,4.12305212776952,3.73885044287488e-05,0.000106809514744573
"ENSG00000086289",46.465010099363,2.56131228780582,0.625005726970666,4.09806210931893,4.16623503033856e-05,0.000117707683121136
"ENSG00000279970",16.5363838558456,2.51454197796337,0.616464216493221,4.07897475747649,4.52347476713414e-05,0.000126608824473057
"ENSG00000187730",17.3914161655361,2.63328779776984,0.646055498922738,4.07594672928364,4.58275101425431e-05,0.000128081549877947
"ENSG00000149243",24.9843979643986,2.40858462626407,0.592415286086248,4.06570303439707,4.78878826216608e-05,0.00013301421259605
"ENSG00000181656",12.5795704709975,2.51071793079753,0.618404065550226,4.05999583551187,4.90735911928582e-05,0.00013595961493441
"ENSG00000141933",5.11273308038312,2.71343385136211,0.671562163127985,4.04048053976649,5.33417913244623e-05,0.000146670863123929
"ENSG00000235863",46.5498729827781,2.08658710880152,0.521822631911043,3.99865199629216,6.37042653274367e-05,0.000172055999225245
"ENSG00000149131",111.684424009171,2.16869097083917,0.544156289902474,3.98541928317662,6.7361073396547e-05,0.000180813101358812
"ENSG00000125534",615.913958936345,2.11698651174119,0.532269087738258,3.97728622704127,6.97062406864241e-05,0.000186457584521328
"ENSG00000109790",442.873976470548,2.28546953591607,0.575638159457677,3.97032319412122,7.17752026433139e-05,0.0001914543073795
"ENSG00000177469",13.2969689685626,2.42416883206461,0.618296430324286,3.9207226714752,8.82838168312435e-05,0.000230611498570848
"ENSG00000235488",4.25294916812872,2.29597708982221,0.586676690633571,3.91353044441345,9.09564267018341e-05,0.000236890885570009
"ENSG00000163704",11.0887189110656,2.31422597312079,0.596183701212611,3.88173304371414,0.00010371469591805,0.000266090383603985
"ENSG00000212864",37.2220706950104,2.134434557304,0.555615006049615,3.84157111320603,0.000122249306855578,0.000308572855246496
"ENSG00000260805",4.40963813007453,3.20434519693381,0.838289369884996,3.82248100959865,0.000132115656136047,0.000330752886161033
"ENSG00000178814",3.77219385531079,3.1692760030108,0.829700203894644,3.81978452956152,0.000133568303206619,0.000333956271007062
"ENSG00000271043",20.7305772428935,2.37261599749074,0.622487511637742,3.81150778631442,0.000138121704044218,0.000344100797718072
"ENSG00000253395",8.78226881468605,2.48074868502064,0.654768483927656,3.78874173988914,0.000151412214656034,0.000373843579213331
"ENSG00000178184",11.305474488073,2.53904759950396,0.671636229823577,3.78039106105236,0.000156582221696535,0.000385304987819519
"ENSG00000271303",1.36514125734155,3.69101552901847,0.979028605122183,3.77007935182633,0.000163195650673753,0.000400298536376142
"ENSG00000173153",9.13011195447138,2.35471157939078,0.626301113605586,3.75971162790181,0.000170109326245143,0.000415307007368355
"ENSG00000248290",6.32530168677962,2.99165355859231,0.802430805559512,3.72823866913523,0.000192822722013202,0.000464436173227427
"ENSG00000157911",4.33887689665323,3.20663138067319,0.877453270085161,3.65447538917027,0.000257708380876692,0.000603611310873912
"ENSG00000065054",10.8048962012601,2.61471286018948,0.715648517686499,3.65362715854167,0.000258561647019799,0.000605308321361853
"ENSG00000103257",40.635429800365,2.09996700791178,0.583934267455263,3.59623869491897,0.000322851574761146,0.0007399323055225
"ENSG00000214077",4.8646702410268,2.21866473703826,0.619394141282899,3.58199180322068,0.000340984494040349,0.000776653255519966
"ENSG00000165731",18.6562609743759,2.00467332077117,0.560170556219976,3.57868384639614,0.000345328906686715,0.000785495050543383
"ENSG00000278017",2.53500770936016,3.31529818955551,0.928162780836898,3.57189305367987,0.000354410144423395,0.000804288844402037
"ENSG00000182747",52.1002408587965,2.35768373465007,0.667604763168761,3.53155619121022,0.000413122078031777,0.000924342355843636
"ENSG00000281376",4.35991328114129,2.31888335300742,0.659297943031197,3.51720095219179,0.000436123471416282,0.000969960421502223
"ENSG00000130881",3.84126322766907,2.61913978715942,0.748193935477607,3.50061616776872,0.000464183879045605,0.00102530934164299
"ENSG00000215571",3.45217535295742,2.44603857766015,0.70189779778633,3.48489279404288,0.000492334255633111,0.00108150481185768
"ENSG00000257365",163.204252896597,2.07651711849137,0.604975770471487,3.43239716339885,0.000598270723829504,0.00128977646442983
"ENSG00000165804",6.90647490444705,2.30602257493826,0.672059001515596,3.43127994675739,0.000600740301132107,0.00129470472742589
"ENSG00000240583",14.2451112515002,2.33078289600328,0.681823798479338,3.41845342037281,0.000629780962872989,0.00134973112210161
"ENSG00000185085",8.23330846469758,2.08271153850693,0.61250203080774,3.40033409482797,0.000673035642724156,0.00143148619286078
"ENSG00000271581",4.03221168027976,2.47769808672903,0.728687325258927,3.40022119342973,0.000673313618718644,0.0014318784585926
"ENSG00000102109",5.59836808428606,3.62188479074739,1.06547747246163,3.39930677499878,0.000675568956400145,0.00143629680104426
"ENSG00000276116",2.88710119904616,2.71453676287184,0.804791541234601,3.37296880470137,0.000743623770535477,0.00156650373843836
"ENSG00000272360",11.5134511246189,2.12050344782379,0.631179268701646,3.35958982332503,0.00078058271520246,0.00163710753626518
"ENSG00000166289",9.11510181279688,2.88552929748672,0.860403387663424,3.35369355683603,0.000797406210403543,0.00166842218074891
"ENSG00000142794",41.0192369665786,2.21804741800512,0.666374473775632,3.32852998620703,0.000873056059358279,0.00180917258037629
"ENSG00000205485",5.4530863927261,2.14486643823794,0.646205151002881,3.31917261091033,0.000902846027318003,0.00186360349924472
"ENSG00000188290",1.68473118529333,3.4017279003785,1.03505351944173,3.28652367871108,0.0010143224571026,0.00206758590641671
"ENSG00000173581",5.81570475941386,2.03425040646923,0.624053142902614,3.25973906165661,0.00111514757431056,0.00224937794471137
"ENSG00000278966",3.45714098093891,3.07423890128845,0.95503941301738,3.218965478687,0.00128653972720956,0.00255874896067712
"ENSG00000203883",2.28975070397785,4.12827730502921,1.2829874973291,3.21770657440029,0.00129219938190968,0.00256879791629971
"ENSG00000177947",6.49329108907081,2.05683078693959,0.652430872943647,3.15256507966822,0.00161842740809109,0.00314492320467423
"ENSG00000255224",4.0897287919975,2.04639562145562,0.650689330722744,3.14496569227994,0.00166106308064556,0.003217872476821
"ENSG00000236508",2.92246748537282,2.24086863312298,0.713786855953477,3.13940865460408,0.00169289184439147,0.00327085159979877
"ENSG00000237686",8.38983744177982,2.00623374019405,0.64058183196037,3.13189297619382,0.00173683175307615,0.00334505321750062
"ENSG00000229107",1.56581248856921,3.29688018058796,1.05412144416434,3.12760944086625,0.00176234194400784,0.00339001882106367
"ENSG00000280649",2.13123607970042,2.28698446986561,0.734835645876271,3.11223942755043,0.00185673845192769,0.00355495435120008
"ENSG00000255568",8.07594541623136,2.31599258563191,0.759765967209174,3.04829735153732,0.00230142077116191,0.0043096390288193
"ENSG00000162073",2.31910435971225,2.78980672230296,0.929858791462646,3.00024772354377,0.00269760113259959,0.0049677700129778
"ENSG00000196453",6.88396145379417,2.1585278973271,0.726631105364916,2.9705966086369,0.00297221904843034,0.00541668361207695
"ENSG00000259985",2.96815906424338,2.73441983211173,0.925336870325357,2.95505336467387,0.00312614972441758,0.00566525107653542
"ENSG00000230499",1.28794344301095,3.28716634206648,1.11368005270341,2.95162540990747,0.00316106151964829,0.00572116848410918
"ENSG00000259804",3.11327786801054,2.45469962382134,0.832899680098335,2.94717321002156,0.00320693515095459,0.00579527158828822
"ENSG00000272248",1.37598550814642,3.31079914115118,1.12870445252398,2.9332737491623,0.00335408014610707,0.00603720159688697
"ENSG00000183734",2.18806687556366,2.57798803917686,0.886034993552048,2.90957812946179,0.00361916915161829,0.00646185312809718
"ENSG00000185559",12.3177699166246,2.62355284291583,0.905821719338475,2.89632362186216,0.00377562816649598,0.00671372624260906
"ENSG00000196071",11.9215779913997,2.22040943477081,0.775898369099263,2.8617271580922,0.00421339448771414,0.00740225908318176
"ENSG00000268628",1.49997111887498,3.56177735007108,1.24612728904192,2.85827730553074,0.00425947972185229,0.00747608475278405
"ENSG00000263366",1.54929736602209,3.15387943334918,1.10390849919411,2.85701164150074,0.00427650152985273,0.00750191581639009
"ENSG00000273619",2.58734650508346,2.4360733012297,0.854749531966193,2.85004344562314,0.00437132576353359,0.00764923261528557
"ENSG00000225828",4.8800753918424,2.13174381691817,0.748819718639114,2.84680513060252,0.00441603855893107,0.00772062823873328
"ENSG00000273141",2.22375498629722,2.65765370894334,0.941539527204798,2.82266822810219,0.00476258283019852,0.00826213330158286
"ENSG00000287676",3.77338383290987,2.12872422826776,0.755795865983691,2.81653330492508,0.00485450094648896,0.00840195977720136
"ENSG00000188643",3.53334226288016,2.71605143398726,0.971499837391479,2.79573019927618,0.00517826093335517,0.00890212226680289
"ENSG00000266473",2.30403983693211,2.48279065542779,0.888290420081665,2.79502131206091,0.00518962938842124,0.00891960305551447
"ENSG00000279113",2.45095421174011,2.81461055993482,1.05062556664347,2.67898540573966,0.00738456123790652,0.0122397273081544
"ENSG00000187513",4.46654260850964,2.31500365338735,0.864630122944758,2.67744968854764,0.00741849930868303,0.0122868350389644
"ENSG00000273253",2.16731987692494,2.97712413307538,1.11932814622052,2.65974204537591,0.00782005182029452,0.0128723017301775
"ENSG00000185338",1.54388267892228,2.82055785020344,1.06659587077982,2.64444849963769,0.00818241571850106,0.0134036033739716
"ENSG00000233427",2.01073426113922,2.05906085069219,0.787339022405666,2.61521503710162,0.0089171295154201,0.0144549385061878
"ENSG00000167874",4.54193989407302,2.31803631561677,0.891798672753846,2.59928208735583,0.00934189702947804,0.0150690347105444
"ENSG00000271320",4.42023361095919,2.11497278316064,0.815550320472467,2.59330752507753,0.00950577301246204,0.0153044166246864
"ENSG00000265666",2.64019604904722,2.52377259437331,0.981463422665621,2.57143825851282,0.0101277072164996,0.0162099242134958
"ENSG00000088836",3.66078032433136,2.58179237638002,1.00812807411428,2.56097656902207,0.0104378395587109,0.0166565373182732
"ENSG00000187714",2.29595684508825,2.53205550198983,1.00270750476353,2.52521846097779,0.0115626386666297,0.0182641351420593
"ENSG00000235290",5.74954125060083,2.52438373540629,1.01645575581012,2.48351560899408,0.013009263288893,0.0202886782116933
"ENSG00000249602",0.787632515884372,2.8389263000108,1.14619139622335,2.47683441820008,0.0132553381227866,0.0206291104903078
"ENSG00000286989",3.75437037173639,2.05230408858116,0.831109188845416,2.46935555054112,0.0135356654222218,0.0210189994375311
"ENSG00000274528",3.81953285850965,2.41532623380952,0.985526883989907,2.45079690168477,0.0142540354760405,0.0220125545303119
"ENSG00000160972",3.79595557268732,2.08290205916302,0.85008848196383,2.45021795184333,0.0142769766030057,0.0220447646102822
"ENSG00000254506",2.48250010331927,2.02507324337186,0.852479523140403,2.37550954410236,0.0175247391814254,0.0264552792501562
"ENSG00000181284",1.47710949287649,2.55017089359395,1.0844760430329,2.35152349374359,0.0186967088857489,0.0280344635361858
"ENSG00000108556",1.43165844090389,3.0224582643045,1.30005220163035,2.32487454004857,0.0200786697284494,0.0298611466542066
"ENSG00000167136",1.00511961561586,2.93218447847554,1.26948141414717,2.3097498283938,0.0209020084107748,0.0309373925870864
"ENSG00000268154",2.30147450716678,2.06054562341063,0.895791568881617,2.30025119122654,0.02143399314691,0.0316222950178779
"ENSG00000183496",2.30450080583584,2.29602643806077,1.00203382780565,2.29136619378293,0.0219422431057714,0.0322776063373633
"ENSG00000144063",1.33438380303222,2.14156157122242,0.939421943082575,2.27965887638861,0.0226279281046528,0.0331537301296514
"ENSG00000177340",2.14846883430384,2.64549977746837,1.22321412935169,2.16274462008585,0.0305608271660351,0.0433160009105408
"ENSG00000274139",1.84763200746313,2.28470300826337,1.05813504277433,2.15917904228283,0.0308362793271607,0.0436683900772191
"ENSG00000122971",3.73433978657325,2.09510371189146,0.973213680603591,2.15276845532223,0.0313368804423621,0.0442972598102431
"ENSG00000226981",1.34746686746383,2.71082849207016,1.26259854928243,2.14702329066575,0.0317914274552895,0.0448768375350419
"ENSG00000266852",1.71270366737256,2.06079962743457,0.960439229337141,2.14568456231932,0.0318981536658068,0.0450094754476808
"ENSG00000116096",1.88983920700892,2.35600212211389,1.10028006589645,2.1412749309371,0.0322518735193543,0.0454646234624243
"ENSG00000130600",0.80703056417736,2.98436506457249,1.39809425330651,2.13459504430007,0.032794102603355,0.0461383083937155
"ENSG00000167536",2.56023775418621,2.34245728284307,1.11130169120504,2.10785001173086,0.0350439653069517,0.0489359648856348
